ip,timestamp,method,url,protocol,status,user_agent
192.168.0.8,2025-04-01T14:42:01,GET,/contact,HTTP/1.1,500,Opera/9.80
192.168.0.8,2025-04-01T08:41:05,POST,/home,HTTP/1.1,200,Edge/91.0
192.168.0.10,2025-04-01T03:38:52,GET,/contact,HTTP/1.1,200,Opera/9.80
192.168.0.6,2025-04-01T20:56:53,GET,/home,HTTP/1.1,500,Mozilla/5.0
192.168.0.10,2025-04-01T13:35:32,GET,/,HTTP/1.1,200,Edge/91.0
192.168.0.4,2025-04-01T03:16:27,GET,/home,HTTP/1.1,200,Mozilla/5.0
192.168.0.10,2025-04-01T08:55:52,POST,/blog,HTTP/1.1,200,Opera/9.80
192.168.0.4,2025-04-01T19:45:03,POST,/blog,HTTP/1.1,200,Opera/9.80
192.168.0.8,2025-04-01T21:44:35,GET,/blog,HTTP/1.1,200,Mozilla/5.0
192.168.0.6,2025-04-01T10:01:56,GET,/about,HTTP/1.1,500,Chrome/112.0
192.168.0.2,2025-04-01T23:07:14,POST,/,HTTP/1.1,500,Chrome/112.0
192.168.0.1,2025-04-01T18:27:25,GET,/,HTTP/1.1,200,Chrome/112.0
192.168.0.2,2025-04-01T01:11:57,POST,/about,HTTP/1.1,200,Safari/537.36
192.168.0.6,2025-04-01T16:40:17,GET,/,HTTP/1.1,200,Opera/9.80
192.168.0.1,2025-04-01T10:44:55,POST,/about,HTTP/1.1,200,Edge/91.0
192.168.0.4,2025-04-01T22:34:24,POST,/about,HTTP/1.1,500,Edge/91.0
192.168.0.1,2025-04-01T00:17:11,GET,/blog,HTTP/1.1,500,Chrome/112.0
192.168.0.6,2025-04-01T09:27:54,GET,/home,HTTP/1.1,200,Edge/91.0
192.168.0.5,2025-04-01T18:02:13,POST,/home,HTTP/1.1,404,Opera/9.80
192.168.0.1,2025-04-01T06:54:57,POST,/blog,HTTP/1.1,200,Chrome/112.0
192.168.0.10,2025-04-01T09:22:16,GET,/home,HTTP/1.1,200,Chrome/112.0
192.168.0.2,2025-04-01T19:49:58,GET,/blog,HTTP/1.1,200,Safari/537.36
192.168.0.6,2025-04-01T17:51:36,GET,/home,HTTP/1.1,200,Edge/91.0
192.168.0.2,2025-04-01T14:35:49,GET,/about,HTTP/1.1,404,Mozilla/5.0
192.168.0.10,2025-04-01T12:14:17,POST,/about,HTTP/1.1,500,Mozilla/5.0
192.168.0.4,2025-04-01T04:31:04,POST,/,HTTP/1.1,200,Safari/537.36
192.168.0.6,2025-04-01T00:23:08,POST,/products,HTTP/1.1,200,Edge/91.0
192.168.0.2,2025-04-01T02:28:37,POST,/blog,HTTP/1.1,500,Opera/9.80
192.168.0.8,2025-04-01T19:31:50,POST,/home,HTTP/1.1,200,Chrome/112.0
192.168.0.8,2025-04-01T16:06:59,GET,/contact,HTTP/1.1,200,Edge/91.0
192.168.0.10,2025-04-01T22:40:11,POST,/about,HTTP/1.1,500,Chrome/112.0
192.168.0.9,2025-04-01T17:05:53,POST,/contact,HTTP/1.1,500,Edge/91.0
192.168.0.9,2025-04-01T11:21:06,GET,/blog,HTTP/1.1,500,Edge/91.0
192.168.0.5,2025-04-01T23:20:26,POST,/blog,HTTP/1.1,200,Edge/91.0
192.168.0.7,2025-04-01T03:23:02,POST,/products,HTTP/1.1,200,Chrome/112.0
192.168.0.7,2025-04-01T01:19:16,GET,/contact,HTTP/1.1,200,Edge/91.0
192.168.0.8,2025-04-01T15:23:48,GET,/about,HTTP/1.1,404,Opera/9.80
192.168.0.3,2025-04-01T19:48:24,POST,/contact,HTTP/1.1,500,Safari/537.36
192.168.0.7,2025-04-01T11:46:34,POST,/about,HTTP/1.1,200,Safari/537.36
192.168.0.5,2025-04-01T19:06:51,GET,/home,HTTP/1.1,500,Mozilla/5.0
192.168.0.10,2025-04-01T02:23:46,POST,/about,HTTP/1.1,200,Mozilla/5.0
192.168.0.10,2025-04-01T18:51:37,GET,/contact,HTTP/1.1,500,Safari/537.36
192.168.0.9,2025-04-01T18:33:01,POST,/,HTTP/1.1,200,Opera/9.80
192.168.0.10,2025-04-01T05:32:44,POST,/blog,HTTP/1.1,500,Chrome/112.0
192.168.0.4,2025-04-01T07:06:23,GET,/,HTTP/1.1,200,Mozilla/5.0
192.168.0.9,2025-04-01T21:26:04,GET,/blog,HTTP/1.1,404,Opera/9.80
192.168.0.7,2025-04-01T21:35:40,GET,/home,HTTP/1.1,200,Mozilla/5.0
192.168.0.10,2025-04-01T20:29:44,POST,/home,HTTP/1.1,200,Chrome/112.0
192.168.0.2,2025-04-01T07:45:46,GET,/products,HTTP/1.1,200,Edge/91.0
192.168.0.10,2025-04-01T07:56:03,GET,/,HTTP/1.1,200,Mozilla/5.0
192.168.0.6,2025-04-01T20:36:57,GET,/contact,HTTP/1.1,500,Opera/9.80
192.168.0.5,2025-04-01T01:44:17,GET,/contact,HTTP/1.1,200,Opera/9.80
192.168.0.10,2025-04-01T09:59:03,GET,/,HTTP/1.1,200,Safari/537.36
192.168.0.2,2025-04-01T19:29:44,GET,/,HTTP/1.1,200,Mozilla/5.0
192.168.0.10,2025-04-01T16:38:45,GET,/blog,HTTP/1.1,200,Chrome/112.0
192.168.0.3,2025-04-01T16:20:12,GET,/about,HTTP/1.1,200,Edge/91.0
192.168.0.5,2025-04-01T08:15:58,POST,/,HTTP/1.1,404,Mozilla/5.0
192.168.0.9,2025-04-01T09:28:36,GET,/contact,HTTP/1.1,404,Edge/91.0
192.168.0.5,2025-04-01T19:00:14,GET,/about,HTTP/1.1,200,Chrome/112.0
192.168.0.1,2025-04-01T14:17:19,POST,/home,HTTP/1.1,404,Safari/537.36
192.168.0.5,2025-04-01T10:45:14,POST,/blog,HTTP/1.1,404,Safari/537.36
192.168.0.3,2025-04-01T15:23:53,GET,/about,HTTP/1.1,200,Mozilla/5.0
192.168.0.7,2025-04-01T02:35:07,GET,/,HTTP/1.1,404,Edge/91.0
192.168.0.9,2025-04-01T03:38:16,POST,/products,HTTP/1.1,404,Edge/91.0
192.168.0.9,2025-04-01T02:02:59,GET,/contact,HTTP/1.1,500,Mozilla/5.0
192.168.0.3,2025-04-01T04:13:02,GET,/home,HTTP/1.1,500,Opera/9.80
192.168.0.7,2025-04-01T22:44:44,POST,/blog,HTTP/1.1,404,Mozilla/5.0
192.168.0.1,2025-04-01T02:56:22,POST,/about,HTTP/1.1,404,Opera/9.80
192.168.0.5,2025-04-01T21:40:18,POST,/,HTTP/1.1,404,Safari/537.36
192.168.0.4,2025-04-01T14:00:02,POST,/contact,HTTP/1.1,500,Safari/537.36
192.168.0.6,2025-04-01T23:55:52,GET,/home,HTTP/1.1,200,Safari/537.36
192.168.0.6,2025-04-01T06:57:36,POST,/home,HTTP/1.1,500,Chrome/112.0
192.168.0.5,2025-04-01T10:16:40,GET,/home,HTTP/1.1,404,Edge/91.0
192.168.0.4,2025-04-01T03:07:14,POST,/blog,HTTP/1.1,500,Mozilla/5.0
192.168.0.8,2025-04-01T02:38:58,GET,/about,HTTP/1.1,200,Safari/537.36
192.168.0.4,2025-04-01T12:40:35,GET,/contact,HTTP/1.1,200,Opera/9.80
192.168.0.4,2025-04-01T19:24:53,POST,/blog,HTTP/1.1,200,Mozilla/5.0
192.168.0.5,2025-04-01T08:48:39,POST,/contact,HTTP/1.1,200,Chrome/112.0
192.168.0.6,2025-04-01T19:07:11,POST,/contact,HTTP/1.1,404,Safari/537.36
192.168.0.8,2025-04-01T21:35:02,GET,/contact,HTTP/1.1,200,Mozilla/5.0
192.168.0.10,2025-04-01T21:00:12,POST,/blog,HTTP/1.1,500,Opera/9.80
192.168.0.1,2025-04-01T04:44:22,POST,/products,HTTP/1.1,200,Mozilla/5.0
192.168.0.3,2025-04-01T23:08:40,POST,/blog,HTTP/1.1,500,Edge/91.0
192.168.0.6,2025-04-01T12:44:51,POST,/products,HTTP/1.1,200,Safari/537.36
192.168.0.1,2025-04-01T14:58:40,POST,/contact,HTTP/1.1,200,Opera/9.80
192.168.0.8,2025-04-01T20:18:05,GET,/products,HTTP/1.1,404,Chrome/112.0
192.168.0.5,2025-04-01T13:35:29,POST,/,HTTP/1.1,404,Mozilla/5.0
192.168.0.2,2025-04-01T07:20:21,GET,/blog,HTTP/1.1,500,Safari/537.36
192.168.0.4,2025-04-01T01:32:13,POST,/about,HTTP/1.1,404,Mozilla/5.0
192.168.0.4,2025-04-01T16:43:08,GET,/,HTTP/1.1,200,Mozilla/5.0
192.168.0.6,2025-04-01T14:22:39,GET,/blog,HTTP/1.1,200,Edge/91.0
192.168.0.2,2025-04-01T22:04:32,GET,/,HTTP/1.1,200,Mozilla/5.0
192.168.0.4,2025-04-01T15:25:49,GET,/home,HTTP/1.1,500,Mozilla/5.0
192.168.0.2,2025-04-01T06:08:05,GET,/about,HTTP/1.1,404,Chrome/112.0
192.168.0.3,2025-04-01T03:08:48,GET,/contact,HTTP/1.1,404,Edge/91.0
192.168.0.3,2025-04-01T06:46:24,GET,/blog,HTTP/1.1,200,Safari/537.36
192.168.0.1,2025-04-01T13:21:01,GET,/contact,HTTP/1.1,404,Opera/9.80
192.168.0.4,2025-04-01T16:08:35,GET,/blog,HTTP/1.1,404,Mozilla/5.0
192.168.0.9,2025-04-01T09:46:17,GET,/,HTTP/1.1,404,Chrome/112.0
192.168.0.6,2025-04-01T05:09:38,POST,/,HTTP/1.1,200,Edge/91.0
192.168.0.9,2025-04-01T15:37:55,GET,/,HTTP/1.1,404,Safari/537.36
192.168.0.7,2025-04-01T07:19:19,POST,/about,HTTP/1.1,404,Mozilla/5.0
192.168.0.3,2025-04-01T22:43:02,GET,/about,HTTP/1.1,500,Safari/537.36
192.168.0.3,2025-04-01T23:06:45,POST,/blog,HTTP/1.1,500,Opera/9.80
192.168.0.9,2025-04-01T00:51:39,POST,/products,HTTP/1.1,200,Mozilla/5.0
192.168.0.7,2025-04-01T07:26:18,POST,/contact,HTTP/1.1,200,Mozilla/5.0
192.168.0.5,2025-04-01T20:23:15,GET,/,HTTP/1.1,200,Mozilla/5.0
192.168.0.7,2025-04-01T10:39:11,POST,/contact,HTTP/1.1,200,Edge/91.0
192.168.0.9,2025-04-01T19:34:12,GET,/about,HTTP/1.1,200,Safari/537.36
192.168.0.1,2025-04-01T06:37:45,POST,/about,HTTP/1.1,200,Edge/91.0
192.168.0.3,2025-04-01T15:04:42,GET,/about,HTTP/1.1,200,Edge/91.0
192.168.0.2,2025-04-01T16:43:19,POST,/home,HTTP/1.1,200,Edge/91.0
192.168.0.7,2025-04-01T09:11:38,GET,/about,HTTP/1.1,404,Mozilla/5.0
192.168.0.9,2025-04-01T18:15:55,GET,/blog,HTTP/1.1,404,Edge/91.0
192.168.0.4,2025-04-01T22:34:32,POST,/about,HTTP/1.1,200,Opera/9.80
192.168.0.2,2025-04-01T19:35:33,GET,/contact,HTTP/1.1,200,Opera/9.80
192.168.0.10,2025-04-01T17:35:17,GET,/products,HTTP/1.1,200,Chrome/112.0
192.168.0.10,2025-04-01T12:14:51,POST,/,HTTP/1.1,200,Edge/91.0
192.168.0.6,2025-04-01T08:31:24,POST,/,HTTP/1.1,200,Mozilla/5.0
192.168.0.3,2025-04-01T02:03:40,GET,/home,HTTP/1.1,200,Safari/537.36
192.168.0.9,2025-04-01T03:52:28,POST,/blog,HTTP/1.1,200,Edge/91.0
192.168.0.10,2025-04-01T10:26:08,GET,/products,HTTP/1.1,200,Chrome/112.0
192.168.0.2,2025-04-01T06:49:57,GET,/contact,HTTP/1.1,404,Chrome/112.0
192.168.0.5,2025-04-01T01:25:38,GET,/products,HTTP/1.1,500,Mozilla/5.0
192.168.0.4,2025-04-01T03:14:58,POST,/blog,HTTP/1.1,200,Chrome/112.0
192.168.0.4,2025-04-01T23:25:00,GET,/about,HTTP/1.1,404,Mozilla/5.0
192.168.0.5,2025-04-01T10:07:10,GET,/,HTTP/1.1,200,Edge/91.0
192.168.0.6,2025-04-01T19:29:25,POST,/about,HTTP/1.1,200,Safari/537.36
192.168.0.10,2025-04-01T03:39:08,GET,/blog,HTTP/1.1,200,Chrome/112.0
192.168.0.1,2025-04-01T01:32:38,GET,/,HTTP/1.1,200,Edge/91.0
192.168.0.3,2025-04-01T10:48:27,POST,/contact,HTTP/1.1,404,Safari/537.36
192.168.0.9,2025-04-01T11:07:20,POST,/about,HTTP/1.1,200,Edge/91.0
192.168.0.8,2025-04-01T18:04:01,POST,/products,HTTP/1.1,500,Mozilla/5.0
192.168.0.2,2025-04-01T00:31:28,POST,/blog,HTTP/1.1,200,Edge/91.0
192.168.0.9,2025-04-01T20:28:30,POST,/,HTTP/1.1,200,Mozilla/5.0
192.168.0.1,2025-04-01T13:26:40,POST,/home,HTTP/1.1,200,Mozilla/5.0
192.168.0.1,2025-04-01T03:34:36,GET,/contact,HTTP/1.1,500,Safari/537.36
192.168.0.8,2025-04-01T04:49:36,GET,/about,HTTP/1.1,404,Chrome/112.0
192.168.0.6,2025-04-01T00:48:19,GET,/about,HTTP/1.1,200,Chrome/112.0
192.168.0.1,2025-04-01T05:42:30,GET,/about,HTTP/1.1,200,Safari/537.36
192.168.0.2,2025-04-01T03:42:00,POST,/blog,HTTP/1.1,404,Mozilla/5.0
192.168.0.9,2025-04-01T18:23:52,GET,/,HTTP/1.1,200,Edge/91.0
192.168.0.9,2025-04-01T21:40:43,POST,/home,HTTP/1.1,200,Mozilla/5.0
192.168.0.7,2025-04-01T23:33:18,GET,/products,HTTP/1.1,200,Chrome/112.0
192.168.0.6,2025-04-01T22:59:34,GET,/,HTTP/1.1,200,Chrome/112.0
192.168.0.10,2025-04-01T01:24:17,GET,/,HTTP/1.1,500,Edge/91.0
192.168.0.8,2025-04-01T10:55:36,GET,/contact,HTTP/1.1,200,Opera/9.80
192.168.0.4,2025-04-01T13:06:46,POST,/home,HTTP/1.1,404,Opera/9.80
192.168.0.4,2025-04-01T03:23:30,GET,/contact,HTTP/1.1,500,Chrome/112.0
192.168.0.3,2025-04-01T08:22:47,GET,/,HTTP/1.1,500,Mozilla/5.0
192.168.0.10,2025-04-01T01:02:46,GET,/contact,HTTP/1.1,404,Opera/9.80
192.168.0.7,2025-04-01T09:49:34,POST,/home,HTTP/1.1,200,Mozilla/5.0
192.168.0.8,2025-04-01T16:00:37,GET,/,HTTP/1.1,200,Mozilla/5.0
192.168.0.6,2025-04-01T15:10:49,GET,/about,HTTP/1.1,500,Chrome/112.0
192.168.0.9,2025-04-01T05:45:33,GET,/contact,HTTP/1.1,200,Edge/91.0
192.168.0.7,2025-04-01T02:54:00,POST,/,HTTP/1.1,404,Edge/91.0
192.168.0.6,2025-04-01T13:24:53,POST,/home,HTTP/1.1,500,Edge/91.0
192.168.0.7,2025-04-01T20:07:04,GET,/,HTTP/1.1,404,Edge/91.0
192.168.0.4,2025-04-01T20:02:53,POST,/about,HTTP/1.1,200,Edge/91.0
192.168.0.3,2025-04-01T19:22:29,POST,/products,HTTP/1.1,200,Safari/537.36
192.168.0.4,2025-04-01T14:26:09,GET,/contact,HTTP/1.1,200,Edge/91.0
192.168.0.2,2025-04-01T13:02:10,POST,/about,HTTP/1.1,200,Mozilla/5.0
192.168.0.9,2025-04-01T02:51:09,GET,/contact,HTTP/1.1,200,Opera/9.80
192.168.0.2,2025-04-01T00:01:48,POST,/about,HTTP/1.1,200,Safari/537.36
192.168.0.6,2025-04-01T13:06:21,GET,/blog,HTTP/1.1,500,Opera/9.80
192.168.0.8,2025-04-01T21:14:07,POST,/,HTTP/1.1,404,Mozilla/5.0
192.168.0.3,2025-04-01T04:18:01,GET,/home,HTTP/1.1,200,Edge/91.0
192.168.0.5,2025-04-01T14:30:22,POST,/home,HTTP/1.1,200,Edge/91.0
192.168.0.7,2025-04-01T21:07:36,GET,/home,HTTP/1.1,200,Opera/9.80
192.168.0.10,2025-04-01T20:09:25,GET,/about,HTTP/1.1,200,Opera/9.80
192.168.0.7,2025-04-01T19:18:51,POST,/about,HTTP/1.1,200,Chrome/112.0
192.168.0.1,2025-04-01T09:43:15,GET,/home,HTTP/1.1,404,Chrome/112.0
192.168.0.9,2025-04-01T07:35:46,GET,/home,HTTP/1.1,200,Opera/9.80
192.168.0.8,2025-04-01T11:49:37,POST,/,HTTP/1.1,500,Safari/537.36
192.168.0.6,2025-04-01T09:07:03,POST,/products,HTTP/1.1,200,Edge/91.0
192.168.0.10,2025-04-01T03:15:06,GET,/contact,HTTP/1.1,404,Opera/9.80
192.168.0.2,2025-04-01T22:19:04,POST,/blog,HTTP/1.1,500,Safari/537.36
192.168.0.6,2025-04-01T14:05:44,GET,/,HTTP/1.1,200,Chrome/112.0
192.168.0.9,2025-04-01T16:26:26,POST,/blog,HTTP/1.1,404,Chrome/112.0
192.168.0.9,2025-04-01T16:40:55,POST,/,HTTP/1.1,500,Mozilla/5.0
192.168.0.10,2025-04-01T15:00:28,POST,/home,HTTP/1.1,404,Edge/91.0
192.168.0.6,2025-04-01T11:44:44,GET,/blog,HTTP/1.1,200,Opera/9.80
192.168.0.6,2025-04-01T20:44:12,POST,/about,HTTP/1.1,404,Opera/9.80
192.168.0.4,2025-04-01T11:05:23,GET,/blog,HTTP/1.1,200,Mozilla/5.0
192.168.0.1,2025-04-01T15:27:35,GET,/,HTTP/1.1,200,Chrome/112.0
192.168.0.8,2025-04-01T10:58:36,POST,/contact,HTTP/1.1,200,Mozilla/5.0
192.168.0.4,2025-04-01T21:35:54,POST,/home,HTTP/1.1,500,Safari/537.36
192.168.0.5,2025-04-01T00:46:31,GET,/blog,HTTP/1.1,200,Edge/91.0
192.168.0.8,2025-04-01T20:21:17,POST,/contact,HTTP/1.1,200,Safari/537.36
192.168.0.5,2025-04-01T22:53:30,POST,/blog,HTTP/1.1,200,Opera/9.80
192.168.0.3,2025-04-01T18:02:12,GET,/blog,HTTP/1.1,200,Opera/9.80
192.168.0.9,2025-04-01T08:55:30,GET,/about,HTTP/1.1,404,Safari/537.36
192.168.0.1,2025-04-01T00:10:54,POST,/about,HTTP/1.1,500,Chrome/112.0
192.168.0.2,2025-04-01T04:32:50,POST,/about,HTTP/1.1,200,Edge/91.0
192.168.0.1,2025-04-01T19:04:00,GET,/home,HTTP/1.1,200,Opera/9.80
192.168.0.2,2025-04-01T10:41:20,GET,/,HTTP/1.1,404,Safari/537.36
192.168.0.1,2025-04-01T13:52:12,POST,/,HTTP/1.1,200,Mozilla/5.0
192.168.0.5,2025-04-01T01:21:22,POST,/,HTTP/1.1,404,Safari/537.36
192.168.0.1,2025-04-01T11:56:01,GET,/products,HTTP/1.1,200,Chrome/112.0
192.168.0.2,2025-04-01T17:03:47,POST,/home,HTTP/1.1,200,Opera/9.80
192.168.0.9,2025-04-01T13:28:08,POST,/products,HTTP/1.1,200,Opera/9.80
192.168.0.2,2025-04-01T18:20:43,GET,/,HTTP/1.1,200,Chrome/112.0
192.168.0.2,2025-04-01T05:45:11,POST,/,HTTP/1.1,200,Safari/537.36
192.168.0.10,2025-04-01T02:48:07,POST,/,HTTP/1.1,404,Chrome/112.0
192.168.0.3,2025-04-01T02:04:12,GET,/blog,HTTP/1.1,500,Mozilla/5.0
192.168.0.10,2025-04-01T00:13:41,GET,/,HTTP/1.1,200,Edge/91.0
192.168.0.10,2025-04-01T22:05:51,POST,/,HTTP/1.1,200,Opera/9.80
192.168.0.5,2025-04-01T13:10:51,GET,/,HTTP/1.1,200,Opera/9.80
192.168.0.9,2025-04-01T22:06:42,GET,/home,HTTP/1.1,404,Opera/9.80
192.168.0.6,2025-04-01T01:11:36,POST,/contact,HTTP/1.1,200,Opera/9.80
192.168.0.6,2025-04-01T21:39:50,GET,/products,HTTP/1.1,500,Mozilla/5.0
192.168.0.1,2025-04-01T01:58:00,GET,/products,HTTP/1.1,404,Opera/9.80
192.168.0.8,2025-04-01T18:56:38,POST,/,HTTP/1.1,500,Opera/9.80
192.168.0.5,2025-04-01T07:27:56,POST,/products,HTTP/1.1,200,Chrome/112.0
192.168.0.3,2025-04-01T01:43:59,GET,/contact,HTTP/1.1,200,Chrome/112.0
192.168.0.5,2025-04-01T04:49:38,GET,/about,HTTP/1.1,500,Safari/537.36
192.168.0.1,2025-04-01T21:23:43,GET,/home,HTTP/1.1,200,Edge/91.0
192.168.0.9,2025-04-01T06:15:37,POST,/home,HTTP/1.1,200,Chrome/112.0
192.168.0.4,2025-04-01T08:59:26,GET,/home,HTTP/1.1,200,Chrome/112.0
192.168.0.9,2025-04-01T22:57:16,POST,/home,HTTP/1.1,200,Chrome/112.0
192.168.0.4,2025-04-01T01:40:59,GET,/,HTTP/1.1,200,Mozilla/5.0
192.168.0.10,2025-04-01T03:44:57,GET,/about,HTTP/1.1,200,Safari/537.36
192.168.0.8,2025-04-01T10:38:24,GET,/blog,HTTP/1.1,200,Chrome/112.0
192.168.0.9,2025-04-01T08:18:02,POST,/about,HTTP/1.1,200,Edge/91.0
192.168.0.7,2025-04-01T15:57:52,GET,/products,HTTP/1.1,200,Mozilla/5.0
192.168.0.6,2025-04-01T14:42:28,POST,/home,HTTP/1.1,200,Safari/537.36
192.168.0.10,2025-04-01T20:30:50,GET,/home,HTTP/1.1,200,Opera/9.80
192.168.0.3,2025-04-01T12:58:07,GET,/contact,HTTP/1.1,404,Edge/91.0
192.168.0.9,2025-04-01T07:03:11,GET,/products,HTTP/1.1,200,Edge/91.0
192.168.0.6,2025-04-01T02:43:32,GET,/,HTTP/1.1,404,Edge/91.0
192.168.0.9,2025-04-01T06:35:27,POST,/products,HTTP/1.1,200,Edge/91.0
192.168.0.4,2025-04-01T12:30:52,POST,/blog,HTTP/1.1,200,Safari/537.36
192.168.0.2,2025-04-01T08:07:17,POST,/home,HTTP/1.1,404,Edge/91.0
192.168.0.5,2025-04-01T04:43:06,POST,/,HTTP/1.1,200,Chrome/112.0
192.168.0.2,2025-04-01T20:05:55,GET,/,HTTP/1.1,200,Opera/9.80
192.168.0.6,2025-04-01T08:48:07,POST,/products,HTTP/1.1,200,Opera/9.80
192.168.0.1,2025-04-01T08:13:43,GET,/home,HTTP/1.1,500,Edge/91.0
192.168.0.4,2025-04-01T01:56:13,GET,/contact,HTTP/1.1,404,Safari/537.36
192.168.0.5,2025-04-01T03:38:19,GET,/blog,HTTP/1.1,200,Safari/537.36
192.168.0.5,2025-04-01T16:07:59,GET,/contact,HTTP/1.1,500,Safari/537.36
192.168.0.4,2025-04-01T05:40:32,POST,/home,HTTP/1.1,200,Mozilla/5.0
192.168.0.3,2025-04-01T12:21:02,GET,/contact,HTTP/1.1,200,Edge/91.0
192.168.0.8,2025-04-01T04:43:19,GET,/home,HTTP/1.1,200,Chrome/112.0
192.168.0.3,2025-04-01T21:48:33,GET,/blog,HTTP/1.1,200,Safari/537.36
192.168.0.8,2025-04-01T04:45:26,POST,/products,HTTP/1.1,200,Mozilla/5.0
192.168.0.3,2025-04-01T12:51:38,GET,/products,HTTP/1.1,200,Mozilla/5.0
192.168.0.1,2025-04-01T09:41:36,POST,/contact,HTTP/1.1,200,Edge/91.0
192.168.0.6,2025-04-01T08:08:30,POST,/home,HTTP/1.1,404,Safari/537.36
192.168.0.2,2025-04-01T00:07:03,POST,/blog,HTTP/1.1,200,Chrome/112.0
192.168.0.8,2025-04-01T15:31:50,GET,/home,HTTP/1.1,200,Safari/537.36
192.168.0.10,2025-04-01T17:46:15,GET,/products,HTTP/1.1,200,Chrome/112.0
192.168.0.8,2025-04-01T11:10:00,POST,/home,HTTP/1.1,500,Mozilla/5.0
192.168.0.2,2025-04-01T05:32:49,POST,/products,HTTP/1.1,404,Edge/91.0
192.168.0.6,2025-04-01T17:12:47,POST,/about,HTTP/1.1,200,Mozilla/5.0
192.168.0.8,2025-04-01T22:30:30,GET,/,HTTP/1.1,200,Safari/537.36
192.168.0.8,2025-04-01T00:56:39,POST,/home,HTTP/1.1,404,Opera/9.80
192.168.0.1,2025-04-01T04:27:15,GET,/about,HTTP/1.1,500,Edge/91.0
192.168.0.9,2025-04-01T07:47:25,GET,/about,HTTP/1.1,200,Safari/537.36
192.168.0.3,2025-04-01T08:13:06,GET,/,HTTP/1.1,500,Edge/91.0
192.168.0.3,2025-04-01T00:03:04,GET,/,HTTP/1.1,200,Opera/9.80
192.168.0.4,2025-04-01T02:58:22,POST,/blog,HTTP/1.1,200,Chrome/112.0
192.168.0.6,2025-04-01T19:26:46,GET,/home,HTTP/1.1,200,Chrome/112.0
192.168.0.9,2025-04-01T13:20:51,GET,/contact,HTTP/1.1,200,Mozilla/5.0
192.168.0.8,2025-04-01T12:15:25,GET,/products,HTTP/1.1,200,Edge/91.0
192.168.0.2,2025-04-01T00:31:56,POST,/,HTTP/1.1,200,Chrome/112.0
192.168.0.6,2025-04-01T11:11:25,POST,/products,HTTP/1.1,200,Safari/537.36
192.168.0.10,2025-04-01T09:16:49,GET,/contact,HTTP/1.1,404,Mozilla/5.0
192.168.0.2,2025-04-01T18:07:40,GET,/contact,HTTP/1.1,500,Chrome/112.0
192.168.0.8,2025-04-01T21:14:58,GET,/products,HTTP/1.1,500,Mozilla/5.0
192.168.0.7,2025-04-01T23:07:16,GET,/about,HTTP/1.1,200,Safari/537.36
192.168.0.8,2025-04-01T00:32:56,GET,/products,HTTP/1.1,200,Mozilla/5.0
192.168.0.8,2025-04-01T17:20:35,POST,/about,HTTP/1.1,404,Mozilla/5.0
192.168.0.10,2025-04-01T14:33:06,GET,/contact,HTTP/1.1,200,Opera/9.80
192.168.0.3,2025-04-01T23:31:45,GET,/,HTTP/1.1,200,Mozilla/5.0
192.168.0.7,2025-04-01T07:07:45,POST,/about,HTTP/1.1,404,Opera/9.80
192.168.0.3,2025-04-01T01:30:56,GET,/contact,HTTP/1.1,200,Edge/91.0
192.168.0.9,2025-04-01T19:37:22,GET,/home,HTTP/1.1,200,Mozilla/5.0
192.168.0.1,2025-04-01T18:21:19,GET,/contact,HTTP/1.1,200,Opera/9.80
192.168.0.7,2025-04-01T19:08:19,GET,/about,HTTP/1.1,404,Safari/537.36
192.168.0.5,2025-04-01T07:15:32,GET,/home,HTTP/1.1,500,Opera/9.80
192.168.0.3,2025-04-01T09:33:43,GET,/blog,HTTP/1.1,200,Chrome/112.0
192.168.0.8,2025-04-01T19:45:42,GET,/about,HTTP/1.1,200,Opera/9.80
192.168.0.10,2025-04-01T22:17:12,POST,/,HTTP/1.1,200,Chrome/112.0
192.168.0.8,2025-04-01T16:24:56,GET,/about,HTTP/1.1,200,Opera/9.80
192.168.0.10,2025-04-01T06:35:47,GET,/products,HTTP/1.1,200,Safari/537.36
192.168.0.6,2025-04-01T04:38:38,GET,/home,HTTP/1.1,200,Mozilla/5.0
192.168.0.7,2025-04-01T15:51:01,GET,/contact,HTTP/1.1,404,Mozilla/5.0
192.168.0.7,2025-04-01T19:51:12,GET,/products,HTTP/1.1,200,Mozilla/5.0
192.168.0.3,2025-04-01T16:28:52,GET,/,HTTP/1.1,200,Safari/537.36
192.168.0.4,2025-04-01T09:42:27,GET,/about,HTTP/1.1,500,Mozilla/5.0
192.168.0.6,2025-04-01T17:56:39,GET,/,HTTP/1.1,200,Safari/537.36
192.168.0.2,2025-04-01T22:08:07,POST,/products,HTTP/1.1,200,Chrome/112.0
192.168.0.4,2025-04-01T17:26:40,POST,/about,HTTP/1.1,404,Chrome/112.0
192.168.0.1,2025-04-01T21:56:23,GET,/products,HTTP/1.1,500,Edge/91.0
192.168.0.6,2025-04-01T03:56:26,GET,/contact,HTTP/1.1,200,Opera/9.80
192.168.0.10,2025-04-01T19:36:58,GET,/home,HTTP/1.1,200,Opera/9.80
192.168.0.9,2025-04-01T20:26:42,GET,/blog,HTTP/1.1,200,Opera/9.80
192.168.0.3,2025-04-01T04:24:35,GET,/contact,HTTP/1.1,200,Mozilla/5.0
192.168.0.9,2025-04-01T13:03:47,GET,/contact,HTTP/1.1,404,Safari/537.36
192.168.0.4,2025-04-01T02:07:22,GET,/blog,HTTP/1.1,200,Opera/9.80
192.168.0.10,2025-04-01T11:30:29,GET,/products,HTTP/1.1,200,Safari/537.36
192.168.0.1,2025-04-01T13:37:00,GET,/blog,HTTP/1.1,200,Edge/91.0
192.168.0.9,2025-04-01T14:24:39,POST,/home,HTTP/1.1,200,Opera/9.80
192.168.0.6,2025-04-01T22:43:33,POST,/contact,HTTP/1.1,404,Chrome/112.0
192.168.0.3,2025-04-01T23:44:27,GET,/about,HTTP/1.1,200,Safari/537.36
192.168.0.8,2025-04-01T03:41:01,POST,/home,HTTP/1.1,200,Chrome/112.0
192.168.0.4,2025-04-01T08:19:21,GET,/products,HTTP/1.1,200,Edge/91.0
192.168.0.2,2025-04-01T15:36:04,GET,/blog,HTTP/1.1,404,Safari/537.36
192.168.0.10,2025-04-01T10:22:54,POST,/contact,HTTP/1.1,200,Safari/537.36
192.168.0.6,2025-04-01T04:43:11,POST,/blog,HTTP/1.1,200,Chrome/112.0
192.168.0.3,2025-04-01T18:31:14,GET,/about,HTTP/1.1,200,Chrome/112.0
192.168.0.8,2025-04-01T04:25:42,POST,/products,HTTP/1.1,200,Safari/537.36
192.168.0.10,2025-04-01T17:07:45,POST,/home,HTTP/1.1,200,Chrome/112.0
192.168.0.4,2025-04-01T10:02:08,GET,/,HTTP/1.1,500,Opera/9.80
192.168.0.9,2025-04-01T01:40:16,POST,/,HTTP/1.1,200,Safari/537.36
192.168.0.8,2025-04-01T13:57:56,GET,/blog,HTTP/1.1,200,Opera/9.80
192.168.0.4,2025-04-01T23:30:51,GET,/home,HTTP/1.1,404,Chrome/112.0
192.168.0.4,2025-04-01T06:06:18,GET,/contact,HTTP/1.1,500,Mozilla/5.0
192.168.0.9,2025-04-01T15:14:45,POST,/about,HTTP/1.1,404,Safari/537.36
192.168.0.4,2025-04-01T15:17:23,GET,/contact,HTTP/1.1,200,Opera/9.80
192.168.0.7,2025-04-01T21:42:41,GET,/blog,HTTP/1.1,404,Chrome/112.0
192.168.0.8,2025-04-01T00:45:20,POST,/,HTTP/1.1,404,Chrome/112.0
192.168.0.10,2025-04-01T07:21:31,GET,/,HTTP/1.1,200,Edge/91.0
192.168.0.1,2025-04-01T16:28:39,POST,/contact,HTTP/1.1,200,Safari/537.36
192.168.0.2,2025-04-01T03:24:11,GET,/home,HTTP/1.1,200,Edge/91.0
192.168.0.8,2025-04-01T02:28:57,GET,/blog,HTTP/1.1,404,Safari/537.36
192.168.0.5,2025-04-01T08:34:07,POST,/about,HTTP/1.1,404,Edge/91.0
192.168.0.9,2025-04-01T04:52:44,POST,/about,HTTP/1.1,200,Safari/537.36
192.168.0.3,2025-04-01T00:29:58,POST,/about,HTTP/1.1,200,Chrome/112.0
192.168.0.2,2025-04-01T05:45:12,POST,/blog,HTTP/1.1,200,Edge/91.0
192.168.0.2,2025-04-01T12:14:14,GET,/about,HTTP/1.1,404,Mozilla/5.0
192.168.0.3,2025-04-01T12:48:04,POST,/,HTTP/1.1,200,Safari/537.36
192.168.0.5,2025-04-01T14:08:34,POST,/products,HTTP/1.1,500,Opera/9.80
192.168.0.7,2025-04-01T08:54:51,GET,/about,HTTP/1.1,200,Chrome/112.0
192.168.0.5,2025-04-01T12:57:14,POST,/,HTTP/1.1,200,Mozilla/5.0
192.168.0.6,2025-04-01T07:44:04,POST,/,HTTP/1.1,404,Edge/91.0
192.168.0.6,2025-04-01T05:23:55,GET,/about,HTTP/1.1,200,Mozilla/5.0
192.168.0.10,2025-04-01T19:42:24,POST,/blog,HTTP/1.1,200,Mozilla/5.0
192.168.0.2,2025-04-01T01:18:12,GET,/products,HTTP/1.1,404,Edge/91.0
192.168.0.6,2025-04-01T00:28:40,GET,/about,HTTP/1.1,500,Mozilla/5.0
192.168.0.2,2025-04-01T05:53:24,POST,/,HTTP/1.1,404,Edge/91.0
192.168.0.1,2025-04-01T22:44:58,GET,/blog,HTTP/1.1,404,Edge/91.0
192.168.0.9,2025-04-01T04:50:17,GET,/products,HTTP/1.1,500,Mozilla/5.0
192.168.0.5,2025-04-01T02:03:49,GET,/products,HTTP/1.1,404,Mozilla/5.0
192.168.0.7,2025-04-01T08:27:30,POST,/home,HTTP/1.1,500,Edge/91.0
192.168.0.1,2025-04-01T15:48:46,GET,/blog,HTTP/1.1,200,Edge/91.0
192.168.0.6,2025-04-01T14:02:40,GET,/about,HTTP/1.1,200,Opera/9.80
192.168.0.2,2025-04-01T21:44:13,POST,/contact,HTTP/1.1,200,Mozilla/5.0
192.168.0.10,2025-04-01T21:55:50,POST,/contact,HTTP/1.1,200,Chrome/112.0
192.168.0.9,2025-04-01T17:50:35,POST,/home,HTTP/1.1,200,Opera/9.80
192.168.0.10,2025-04-01T02:10:56,GET,/products,HTTP/1.1,200,Mozilla/5.0
192.168.0.5,2025-04-01T06:59:04,POST,/about,HTTP/1.1,200,Edge/91.0
192.168.0.8,2025-04-01T03:38:32,GET,/,HTTP/1.1,200,Chrome/112.0
192.168.0.4,2025-04-01T10:55:30,POST,/home,HTTP/1.1,200,Chrome/112.0
192.168.0.5,2025-04-01T04:11:21,GET,/blog,HTTP/1.1,500,Edge/91.0
192.168.0.5,2025-04-01T13:11:16,GET,/products,HTTP/1.1,404,Edge/91.0
192.168.0.5,2025-04-01T01:10:29,GET,/,HTTP/1.1,200,Safari/537.36
192.168.0.7,2025-04-01T17:30:50,POST,/products,HTTP/1.1,200,Safari/537.36
192.168.0.6,2025-04-01T09:15:21,GET,/about,HTTP/1.1,200,Mozilla/5.0
192.168.0.2,2025-04-01T00:10:39,GET,/contact,HTTP/1.1,200,Chrome/112.0
192.168.0.1,2025-04-01T02:47:16,GET,/contact,HTTP/1.1,500,Opera/9.80
192.168.0.4,2025-04-01T03:27:40,POST,/blog,HTTP/1.1,404,Mozilla/5.0
192.168.0.8,2025-04-01T05:33:52,GET,/,HTTP/1.1,200,Chrome/112.0
192.168.0.5,2025-04-01T11:33:35,GET,/home,HTTP/1.1,200,Safari/537.36
192.168.0.6,2025-04-01T05:47:18,GET,/about,HTTP/1.1,200,Mozilla/5.0
192.168.0.8,2025-04-01T11:23:50,POST,/blog,HTTP/1.1,404,Mozilla/5.0
192.168.0.6,2025-04-01T21:51:01,POST,/products,HTTP/1.1,200,Mozilla/5.0
192.168.0.9,2025-04-01T01:26:57,POST,/products,HTTP/1.1,200,Mozilla/5.0
192.168.0.9,2025-04-01T03:38:57,POST,/,HTTP/1.1,404,Chrome/112.0
192.168.0.2,2025-04-01T21:22:28,GET,/,HTTP/1.1,200,Opera/9.80
192.168.0.7,2025-04-01T06:45:11,GET,/home,HTTP/1.1,500,Edge/91.0
192.168.0.10,2025-04-01T20:10:04,POST,/home,HTTP/1.1,404,Chrome/112.0
192.168.0.1,2025-04-01T07:58:16,GET,/,HTTP/1.1,500,Edge/91.0
192.168.0.3,2025-04-01T06:01:35,POST,/,HTTP/1.1,200,Edge/91.0
192.168.0.1,2025-04-01T04:56:14,POST,/about,HTTP/1.1,500,Mozilla/5.0
192.168.0.8,2025-04-01T16:39:53,POST,/blog,HTTP/1.1,200,Edge/91.0
192.168.0.2,2025-04-01T04:33:39,POST,/products,HTTP/1.1,200,Edge/91.0
192.168.0.6,2025-04-01T16:51:32,GET,/home,HTTP/1.1,200,Mozilla/5.0
192.168.0.3,2025-04-01T08:24:18,GET,/about,HTTP/1.1,200,Safari/537.36
192.168.0.9,2025-04-01T05:35:48,POST,/contact,HTTP/1.1,200,Edge/91.0
192.168.0.2,2025-04-01T01:07:09,POST,/home,HTTP/1.1,200,Mozilla/5.0
192.168.0.9,2025-04-01T01:59:02,POST,/blog,HTTP/1.1,200,Mozilla/5.0
192.168.0.8,2025-04-01T06:04:56,POST,/home,HTTP/1.1,200,Edge/91.0
192.168.0.5,2025-04-01T23:40:33,POST,/home,HTTP/1.1,200,Safari/537.36
192.168.0.5,2025-04-01T22:33:46,POST,/contact,HTTP/1.1,404,Safari/537.36
192.168.0.4,2025-04-01T17:40:29,POST,/blog,HTTP/1.1,200,Edge/91.0
192.168.0.2,2025-04-01T20:01:49,GET,/about,HTTP/1.1,500,Edge/91.0
192.168.0.5,2025-04-01T04:39:46,GET,/blog,HTTP/1.1,200,Safari/537.36
192.168.0.10,2025-04-01T15:49:12,GET,/blog,HTTP/1.1,200,Safari/537.36
192.168.0.10,2025-04-01T19:08:59,POST,/blog,HTTP/1.1,500,Chrome/112.0
192.168.0.1,2025-04-01T03:53:25,POST,/,HTTP/1.1,500,Safari/537.36
192.168.0.6,2025-04-01T08:43:35,POST,/products,HTTP/1.1,200,Chrome/112.0
192.168.0.2,2025-04-01T08:46:45,POST,/blog,HTTP/1.1,500,Edge/91.0
192.168.0.5,2025-04-01T23:11:20,POST,/blog,HTTP/1.1,200,Opera/9.80
192.168.0.9,2025-04-01T08:09:01,GET,/products,HTTP/1.1,404,Chrome/112.0
192.168.0.1,2025-04-01T13:49:44,GET,/about,HTTP/1.1,404,Opera/9.80
192.168.0.4,2025-04-01T01:47:30,POST,/contact,HTTP/1.1,200,Mozilla/5.0
192.168.0.1,2025-04-01T14:54:10,GET,/about,HTTP/1.1,200,Chrome/112.0
192.168.0.1,2025-04-01T08:16:34,GET,/about,HTTP/1.1,200,Safari/537.36
192.168.0.6,2025-04-01T06:18:01,GET,/contact,HTTP/1.1,200,Edge/91.0
192.168.0.4,2025-04-01T07:22:09,POST,/contact,HTTP/1.1,200,Safari/537.36
192.168.0.7,2025-04-01T12:06:05,GET,/about,HTTP/1.1,200,Safari/537.36
192.168.0.3,2025-04-01T03:50:34,POST,/blog,HTTP/1.1,404,Opera/9.80
192.168.0.8,2025-04-01T02:08:48,POST,/about,HTTP/1.1,404,Edge/91.0
192.168.0.7,2025-04-01T22:55:31,POST,/products,HTTP/1.1,200,Chrome/112.0
192.168.0.7,2025-04-01T23:25:10,GET,/about,HTTP/1.1,200,Chrome/112.0
192.168.0.7,2025-04-01T03:12:43,GET,/home,HTTP/1.1,200,Edge/91.0
192.168.0.3,2025-04-01T12:01:26,POST,/contact,HTTP/1.1,200,Safari/537.36
192.168.0.9,2025-04-01T23:31:42,GET,/home,HTTP/1.1,200,Opera/9.80
192.168.0.1,2025-04-01T13:25:32,POST,/,HTTP/1.1,200,Edge/91.0
192.168.0.7,2025-04-01T15:50:17,POST,/about,HTTP/1.1,404,Mozilla/5.0
192.168.0.9,2025-04-01T03:05:37,GET,/,HTTP/1.1,200,Chrome/112.0
192.168.0.3,2025-04-01T04:47:24,POST,/home,HTTP/1.1,500,Opera/9.80
192.168.0.4,2025-04-01T08:41:37,POST,/contact,HTTP/1.1,200,Opera/9.80
192.168.0.7,2025-04-01T22:02:23,GET,/,HTTP/1.1,500,Safari/537.36
192.168.0.1,2025-04-01T07:21:34,POST,/products,HTTP/1.1,404,Opera/9.80
192.168.0.1,2025-04-01T12:41:43,GET,/products,HTTP/1.1,500,Opera/9.80
192.168.0.4,2025-04-01T22:40:08,POST,/contact,HTTP/1.1,200,Edge/91.0
192.168.0.2,2025-04-01T16:36:57,POST,/about,HTTP/1.1,200,Safari/537.36
192.168.0.10,2025-04-01T23:21:57,POST,/home,HTTP/1.1,200,Safari/537.36
192.168.0.2,2025-04-01T14:21:01,POST,/,HTTP/1.1,500,Mozilla/5.0
192.168.0.2,2025-04-01T04:22:35,GET,/blog,HTTP/1.1,200,Edge/91.0
192.168.0.10,2025-04-01T08:11:14,POST,/home,HTTP/1.1,500,Edge/91.0
192.168.0.6,2025-04-01T15:29:57,POST,/,HTTP/1.1,500,Safari/537.36
192.168.0.4,2025-04-01T20:39:44,GET,/about,HTTP/1.1,500,Edge/91.0
192.168.0.7,2025-04-01T22:29:45,GET,/about,HTTP/1.1,200,Chrome/112.0
192.168.0.1,2025-04-01T07:41:44,POST,/,HTTP/1.1,500,Mozilla/5.0
192.168.0.8,2025-04-01T00:14:46,POST,/home,HTTP/1.1,404,Opera/9.80
192.168.0.3,2025-04-01T00:06:59,GET,/,HTTP/1.1,200,Edge/91.0
192.168.0.6,2025-04-01T02:26:21,POST,/contact,HTTP/1.1,200,Edge/91.0
192.168.0.3,2025-04-01T23:51:03,GET,/home,HTTP/1.1,200,Edge/91.0
192.168.0.4,2025-04-01T05:39:56,POST,/blog,HTTP/1.1,200,Safari/537.36
192.168.0.7,2025-04-01T13:33:32,POST,/about,HTTP/1.1,200,Opera/9.80
192.168.0.9,2025-04-01T11:50:39,GET,/contact,HTTP/1.1,500,Opera/9.80
192.168.0.8,2025-04-01T11:31:57,POST,/home,HTTP/1.1,200,Safari/537.36
192.168.0.2,2025-04-01T13:40:55,POST,/about,HTTP/1.1,200,Safari/537.36
192.168.0.7,2025-04-01T04:48:01,GET,/,HTTP/1.1,200,Mozilla/5.0
192.168.0.3,2025-04-01T05:50:40,GET,/about,HTTP/1.1,200,Edge/91.0
192.168.0.8,2025-04-01T03:59:48,GET,/blog,HTTP/1.1,500,Mozilla/5.0
192.168.0.4,2025-04-01T19:35:51,POST,/about,HTTP/1.1,404,Safari/537.36
192.168.0.4,2025-04-01T01:14:53,POST,/blog,HTTP/1.1,200,Mozilla/5.0
192.168.0.9,2025-04-01T06:39:32,GET,/home,HTTP/1.1,404,Chrome/112.0
192.168.0.1,2025-04-01T11:34:18,POST,/home,HTTP/1.1,404,Safari/537.36
192.168.0.5,2025-04-01T11:34:38,GET,/about,HTTP/1.1,404,Safari/537.36
192.168.0.6,2025-04-01T00:42:25,POST,/,HTTP/1.1,200,Safari/537.36
192.168.0.3,2025-04-01T05:07:59,GET,/blog,HTTP/1.1,500,Chrome/112.0
192.168.0.7,2025-04-01T23:06:52,POST,/blog,HTTP/1.1,200,Chrome/112.0
192.168.0.3,2025-04-01T08:20:09,POST,/home,HTTP/1.1,200,Opera/9.80
192.168.0.10,2025-04-01T11:28:44,POST,/about,HTTP/1.1,200,Edge/91.0
192.168.0.10,2025-04-01T20:53:30,POST,/blog,HTTP/1.1,200,Mozilla/5.0
192.168.0.2,2025-04-01T20:17:47,GET,/home,HTTP/1.1,200,Mozilla/5.0
192.168.0.2,2025-04-01T20:20:49,POST,/,HTTP/1.1,200,Chrome/112.0
192.168.0.3,2025-04-01T14:27:44,POST,/,HTTP/1.1,200,Safari/537.36
192.168.0.6,2025-04-01T23:29:59,GET,/products,HTTP/1.1,200,Mozilla/5.0
192.168.0.4,2025-04-01T11:17:38,GET,/,HTTP/1.1,500,Opera/9.80
192.168.0.8,2025-04-01T14:09:00,POST,/,HTTP/1.1,404,Edge/91.0
192.168.0.10,2025-04-01T17:59:55,POST,/products,HTTP/1.1,200,Mozilla/5.0
192.168.0.6,2025-04-01T20:14:22,GET,/contact,HTTP/1.1,200,Opera/9.80
192.168.0.8,2025-04-01T00:10:24,POST,/products,HTTP/1.1,200,Edge/91.0
192.168.0.4,2025-04-01T22:42:58,GET,/,HTTP/1.1,200,Edge/91.0
192.168.0.7,2025-04-01T13:48:37,GET,/home,HTTP/1.1,200,Mozilla/5.0
192.168.0.3,2025-04-01T19:42:44,GET,/,HTTP/1.1,200,Edge/91.0
192.168.0.3,2025-04-01T16:48:18,POST,/products,HTTP/1.1,200,Edge/91.0
192.168.0.4,2025-04-01T10:13:58,GET,/products,HTTP/1.1,500,Edge/91.0
192.168.0.10,2025-04-01T23:02:42,GET,/,HTTP/1.1,500,Safari/537.36
192.168.0.5,2025-04-01T08:48:21,POST,/,HTTP/1.1,200,Chrome/112.0
192.168.0.5,2025-04-01T23:33:05,POST,/,HTTP/1.1,404,Chrome/112.0
192.168.0.9,2025-04-01T21:45:46,POST,/,HTTP/1.1,200,Edge/91.0
192.168.0.3,2025-04-01T02:43:04,GET,/contact,HTTP/1.1,500,Chrome/112.0
192.168.0.5,2025-04-01T00:45:38,GET,/,HTTP/1.1,500,Safari/537.36
192.168.0.6,2025-04-01T07:40:58,GET,/about,HTTP/1.1,500,Mozilla/5.0
192.168.0.7,2025-04-01T02:31:24,GET,/about,HTTP/1.1,404,Opera/9.80
192.168.0.6,2025-04-01T22:30:11,POST,/products,HTTP/1.1,200,Mozilla/5.0
192.168.0.7,2025-04-01T02:41:55,GET,/products,HTTP/1.1,200,Mozilla/5.0
192.168.0.8,2025-04-01T00:25:08,GET,/about,HTTP/1.1,200,Chrome/112.0
192.168.0.10,2025-04-01T21:09:37,POST,/blog,HTTP/1.1,200,Mozilla/5.0
192.168.0.2,2025-04-01T22:08:16,GET,/contact,HTTP/1.1,200,Opera/9.80
192.168.0.7,2025-04-01T10:22:21,GET,/blog,HTTP/1.1,404,Edge/91.0
192.168.0.10,2025-04-01T02:21:13,POST,/contact,HTTP/1.1,200,Edge/91.0
192.168.0.4,2025-04-01T03:30:07,GET,/products,HTTP/1.1,200,Safari/537.36
192.168.0.9,2025-04-01T07:23:42,POST,/home,HTTP/1.1,500,Opera/9.80
192.168.0.9,2025-04-01T03:38:45,GET,/home,HTTP/1.1,200,Mozilla/5.0
192.168.0.5,2025-04-01T05:08:54,POST,/products,HTTP/1.1,200,Opera/9.80
192.168.0.9,2025-04-01T21:04:38,POST,/blog,HTTP/1.1,200,Opera/9.80
192.168.0.10,2025-04-01T09:28:37,POST,/,HTTP/1.1,200,Chrome/112.0
192.168.0.6,2025-04-01T10:30:25,GET,/contact,HTTP/1.1,200,Mozilla/5.0
192.168.0.8,2025-04-01T05:19:36,POST,/,HTTP/1.1,200,Mozilla/5.0
192.168.0.3,2025-04-01T23:25:26,GET,/,HTTP/1.1,500,Safari/537.36
192.168.0.2,2025-04-01T01:57:33,GET,/products,HTTP/1.1,500,Mozilla/5.0
192.168.0.8,2025-04-01T12:41:21,GET,/,HTTP/1.1,200,Safari/537.36
192.168.0.5,2025-04-01T21:29:17,GET,/,HTTP/1.1,404,Edge/91.0
192.168.0.1,2025-04-01T22:02:13,POST,/products,HTTP/1.1,200,Edge/91.0
192.168.0.6,2025-04-01T11:17:06,GET,/,HTTP/1.1,200,Mozilla/5.0
192.168.0.8,2025-04-01T13:28:00,POST,/blog,HTTP/1.1,200,Safari/537.36
192.168.0.6,2025-04-01T22:06:48,GET,/,HTTP/1.1,404,Mozilla/5.0
192.168.0.4,2025-04-01T07:03:49,POST,/contact,HTTP/1.1,200,Safari/537.36
192.168.0.6,2025-04-01T11:36:31,POST,/contact,HTTP/1.1,200,Safari/537.36
192.168.0.1,2025-04-01T14:47:57,POST,/blog,HTTP/1.1,500,Mozilla/5.0
192.168.0.6,2025-04-01T16:50:24,POST,/,HTTP/1.1,200,Mozilla/5.0
192.168.0.2,2025-04-01T21:34:15,GET,/blog,HTTP/1.1,404,Opera/9.80
192.168.0.4,2025-04-01T05:34:02,GET,/blog,HTTP/1.1,200,Chrome/112.0
192.168.0.1,2025-04-01T00:29:56,GET,/blog,HTTP/1.1,200,Safari/537.36
192.168.0.4,2025-04-01T09:32:21,POST,/blog,HTTP/1.1,200,Mozilla/5.0
192.168.0.1,2025-04-01T13:53:44,POST,/home,HTTP/1.1,200,Chrome/112.0
192.168.0.2,2025-04-01T06:37:14,GET,/products,HTTP/1.1,200,Mozilla/5.0
192.168.0.6,2025-04-01T23:34:46,GET,/,HTTP/1.1,404,Safari/537.36
192.168.0.10,2025-04-01T13:34:02,GET,/products,HTTP/1.1,500,Mozilla/5.0
192.168.0.1,2025-04-01T10:22:22,POST,/blog,HTTP/1.1,200,Opera/9.80
192.168.0.1,2025-04-01T23:58:50,GET,/blog,HTTP/1.1,200,Safari/537.36
192.168.0.6,2025-04-01T06:59:10,POST,/blog,HTTP/1.1,500,Edge/91.0
192.168.0.4,2025-04-01T07:01:41,GET,/about,HTTP/1.1,500,Chrome/112.0
192.168.0.6,2025-04-01T10:06:01,GET,/about,HTTP/1.1,200,Mozilla/5.0
192.168.0.7,2025-04-01T02:15:15,POST,/blog,HTTP/1.1,200,Edge/91.0
192.168.0.3,2025-04-01T17:42:20,POST,/products,HTTP/1.1,200,Mozilla/5.0
192.168.0.2,2025-04-01T04:26:01,POST,/home,HTTP/1.1,500,Opera/9.80
192.168.0.3,2025-04-01T04:21:51,GET,/,HTTP/1.1,200,Chrome/112.0
192.168.0.9,2025-04-01T15:48:46,POST,/about,HTTP/1.1,200,Safari/537.36
192.168.0.8,2025-04-01T22:44:02,GET,/,HTTP/1.1,404,Opera/9.80
192.168.0.2,2025-04-01T21:16:19,GET,/about,HTTP/1.1,200,Safari/537.36
192.168.0.8,2025-04-01T00:35:02,GET,/contact,HTTP/1.1,404,Edge/91.0
192.168.0.1,2025-04-01T19:54:16,GET,/contact,HTTP/1.1,200,Edge/91.0
192.168.0.7,2025-04-01T07:03:19,POST,/home,HTTP/1.1,500,Edge/91.0
192.168.0.1,2025-04-01T21:09:27,POST,/,HTTP/1.1,200,Edge/91.0
192.168.0.7,2025-04-01T01:09:20,POST,/,HTTP/1.1,404,Chrome/112.0
192.168.0.9,2025-04-01T13:54:30,POST,/products,HTTP/1.1,200,Mozilla/5.0
192.168.0.3,2025-04-01T07:55:20,GET,/about,HTTP/1.1,200,Opera/9.80
192.168.0.7,2025-04-01T14:08:15,GET,/home,HTTP/1.1,200,Opera/9.80
192.168.0.2,2025-04-01T01:00:48,GET,/,HTTP/1.1,404,Chrome/112.0
192.168.0.7,2025-04-01T10:13:43,GET,/,HTTP/1.1,404,Safari/537.36
192.168.0.3,2025-04-01T20:47:17,GET,/blog,HTTP/1.1,200,Opera/9.80
192.168.0.2,2025-04-01T14:05:47,POST,/,HTTP/1.1,404,Edge/91.0
192.168.0.3,2025-04-01T11:57:02,GET,/contact,HTTP/1.1,200,Safari/537.36
192.168.0.10,2025-04-01T02:59:08,POST,/blog,HTTP/1.1,500,Mozilla/5.0
192.168.0.9,2025-04-01T00:33:17,POST,/about,HTTP/1.1,404,Opera/9.80
192.168.0.10,2025-04-01T11:09:01,POST,/blog,HTTP/1.1,200,Edge/91.0
192.168.0.5,2025-04-01T12:31:33,GET,/products,HTTP/1.1,200,Mozilla/5.0
192.168.0.1,2025-04-01T05:47:01,POST,/blog,HTTP/1.1,500,Mozilla/5.0
192.168.0.5,2025-04-01T11:55:35,POST,/,HTTP/1.1,404,Mozilla/5.0
192.168.0.5,2025-04-01T11:09:12,GET,/products,HTTP/1.1,200,Safari/537.36
192.168.0.9,2025-04-01T16:08:41,GET,/blog,HTTP/1.1,500,Chrome/112.0
192.168.0.1,2025-04-01T07:26:22,POST,/blog,HTTP/1.1,200,Opera/9.80
192.168.0.3,2025-04-01T05:48:37,POST,/home,HTTP/1.1,200,Chrome/112.0
192.168.0.3,2025-04-01T21:27:35,POST,/blog,HTTP/1.1,500,Edge/91.0
192.168.0.9,2025-04-01T09:19:26,GET,/products,HTTP/1.1,200,Edge/91.0
192.168.0.8,2025-04-01T07:41:15,POST,/blog,HTTP/1.1,404,Opera/9.80
192.168.0.1,2025-04-01T14:59:59,POST,/products,HTTP/1.1,200,Safari/537.36
192.168.0.9,2025-04-01T15:43:20,GET,/home,HTTP/1.1,200,Mozilla/5.0
192.168.0.6,2025-04-01T13:38:28,POST,/products,HTTP/1.1,200,Opera/9.80
192.168.0.5,2025-04-01T16:23:55,POST,/about,HTTP/1.1,200,Edge/91.0
192.168.0.6,2025-04-01T12:39:02,GET,/products,HTTP/1.1,200,Edge/91.0
192.168.0.9,2025-04-01T04:22:52,GET,/,HTTP/1.1,200,Mozilla/5.0
192.168.0.6,2025-04-01T07:19:48,GET,/products,HTTP/1.1,500,Chrome/112.0
192.168.0.5,2025-04-01T13:03:32,POST,/products,HTTP/1.1,500,Edge/91.0
192.168.0.7,2025-04-01T22:17:11,GET,/home,HTTP/1.1,200,Edge/91.0
192.168.0.10,2025-04-01T02:59:00,GET,/blog,HTTP/1.1,200,Edge/91.0
192.168.0.2,2025-04-01T06:53:40,POST,/products,HTTP/1.1,200,Mozilla/5.0
192.168.0.8,2025-04-01T03:42:50,GET,/home,HTTP/1.1,200,Opera/9.80
192.168.0.9,2025-04-01T09:15:32,POST,/about,HTTP/1.1,200,Safari/537.36
192.168.0.8,2025-04-01T13:57:06,GET,/,HTTP/1.1,404,Safari/537.36
192.168.0.5,2025-04-01T09:49:08,POST,/home,HTTP/1.1,500,Mozilla/5.0
192.168.0.1,2025-04-01T23:23:05,POST,/products,HTTP/1.1,500,Edge/91.0
192.168.0.10,2025-04-01T14:26:56,POST,/products,HTTP/1.1,200,Edge/91.0
192.168.0.9,2025-04-01T18:21:22,POST,/home,HTTP/1.1,404,Safari/537.36
192.168.0.1,2025-04-01T14:51:15,POST,/about,HTTP/1.1,200,Safari/537.36
192.168.0.4,2025-04-01T11:02:22,GET,/blog,HTTP/1.1,500,Opera/9.80
192.168.0.10,2025-04-01T15:48:42,POST,/,HTTP/1.1,200,Chrome/112.0
192.168.0.1,2025-04-01T06:02:13,GET,/about,HTTP/1.1,200,Edge/91.0
192.168.0.6,2025-04-01T23:49:28,GET,/blog,HTTP/1.1,200,Mozilla/5.0
192.168.0.9,2025-04-01T11:37:57,POST,/about,HTTP/1.1,200,Opera/9.80
192.168.0.9,2025-04-01T06:28:48,POST,/blog,HTTP/1.1,200,Edge/91.0
192.168.0.5,2025-04-01T03:56:54,POST,/,HTTP/1.1,404,Edge/91.0
192.168.0.7,2025-04-01T06:15:29,POST,/,HTTP/1.1,404,Opera/9.80
192.168.0.8,2025-04-01T19:38:09,POST,/contact,HTTP/1.1,500,Safari/537.36
192.168.0.10,2025-04-01T11:28:19,GET,/blog,HTTP/1.1,200,Edge/91.0
192.168.0.4,2025-04-01T00:21:38,GET,/blog,HTTP/1.1,200,Opera/9.80
192.168.0.6,2025-04-01T22:50:35,POST,/products,HTTP/1.1,200,Edge/91.0
192.168.0.7,2025-04-01T07:32:41,POST,/blog,HTTP/1.1,200,Edge/91.0
192.168.0.2,2025-04-01T05:46:41,POST,/products,HTTP/1.1,200,Chrome/112.0
192.168.0.4,2025-04-01T07:19:12,POST,/contact,HTTP/1.1,500,Opera/9.80
192.168.0.3,2025-04-01T18:48:56,POST,/blog,HTTP/1.1,200,Mozilla/5.0
192.168.0.4,2025-04-01T01:19:27,GET,/products,HTTP/1.1,200,Edge/91.0
192.168.0.2,2025-04-01T02:36:34,GET,/about,HTTP/1.1,404,Mozilla/5.0
192.168.0.1,2025-04-01T20:52:55,GET,/blog,HTTP/1.1,200,Safari/537.36
192.168.0.2,2025-04-01T09:13:40,GET,/home,HTTP/1.1,500,Chrome/112.0
192.168.0.3,2025-04-01T07:18:50,GET,/home,HTTP/1.1,200,Safari/537.36
192.168.0.1,2025-04-01T14:57:06,POST,/blog,HTTP/1.1,404,Edge/91.0
192.168.0.9,2025-04-01T12:07:54,POST,/about,HTTP/1.1,500,Chrome/112.0
192.168.0.2,2025-04-01T18:55:47,POST,/home,HTTP/1.1,200,Mozilla/5.0
192.168.0.10,2025-04-01T19:07:55,POST,/products,HTTP/1.1,404,Safari/537.36
192.168.0.7,2025-04-01T10:00:45,POST,/,HTTP/1.1,200,Safari/537.36
192.168.0.3,2025-04-01T06:47:46,POST,/,HTTP/1.1,200,Opera/9.80
192.168.0.7,2025-04-01T21:35:40,POST,/,HTTP/1.1,200,Mozilla/5.0
192.168.0.1,2025-04-01T06:54:12,GET,/home,HTTP/1.1,200,Chrome/112.0
192.168.0.1,2025-04-01T02:34:19,POST,/products,HTTP/1.1,500,Opera/9.80
192.168.0.6,2025-04-01T21:44:38,GET,/blog,HTTP/1.1,200,Mozilla/5.0
192.168.0.3,2025-04-01T12:18:27,GET,/about,HTTP/1.1,200,Opera/9.80
192.168.0.2,2025-04-01T17:15:53,POST,/contact,HTTP/1.1,500,Edge/91.0
192.168.0.10,2025-04-01T14:19:23,POST,/home,HTTP/1.1,404,Safari/537.36
192.168.0.3,2025-04-01T18:59:41,POST,/home,HTTP/1.1,404,Opera/9.80
192.168.0.9,2025-04-01T03:47:57,GET,/products,HTTP/1.1,404,Mozilla/5.0
192.168.0.7,2025-04-01T14:33:45,POST,/,HTTP/1.1,200,Opera/9.80
192.168.0.6,2025-04-01T20:25:32,POST,/,HTTP/1.1,404,Edge/91.0
192.168.0.10,2025-04-01T01:13:06,GET,/blog,HTTP/1.1,500,Mozilla/5.0
192.168.0.7,2025-04-01T23:20:33,GET,/products,HTTP/1.1,200,Mozilla/5.0
192.168.0.1,2025-04-01T04:23:09,GET,/contact,HTTP/1.1,404,Chrome/112.0
192.168.0.4,2025-04-01T03:15:28,POST,/about,HTTP/1.1,200,Safari/537.36
192.168.0.1,2025-04-01T05:17:08,POST,/contact,HTTP/1.1,200,Safari/537.36
192.168.0.4,2025-04-01T00:10:08,POST,/,HTTP/1.1,404,Safari/537.36
192.168.0.2,2025-04-01T15:47:51,POST,/products,HTTP/1.1,404,Edge/91.0
192.168.0.9,2025-04-01T21:09:02,POST,/,HTTP/1.1,200,Safari/537.36
192.168.0.3,2025-04-01T04:46:36,GET,/home,HTTP/1.1,200,Mozilla/5.0
192.168.0.1,2025-04-01T15:07:23,POST,/products,HTTP/1.1,200,Chrome/112.0
192.168.0.6,2025-04-01T10:49:32,POST,/products,HTTP/1.1,200,Edge/91.0
192.168.0.5,2025-04-01T07:36:02,POST,/products,HTTP/1.1,200,Safari/537.36
192.168.0.3,2025-04-01T08:38:00,POST,/contact,HTTP/1.1,200,Edge/91.0
192.168.0.4,2025-04-01T06:53:11,GET,/about,HTTP/1.1,200,Safari/537.36
192.168.0.10,2025-04-01T00:37:39,POST,/products,HTTP/1.1,500,Mozilla/5.0
192.168.0.10,2025-04-01T09:14:25,POST,/home,HTTP/1.1,200,Opera/9.80
192.168.0.4,2025-04-01T10:02:09,POST,/home,HTTP/1.1,404,Mozilla/5.0
192.168.0.10,2025-04-01T21:53:39,GET,/about,HTTP/1.1,200,Opera/9.80
192.168.0.7,2025-04-01T20:57:46,POST,/contact,HTTP/1.1,404,Mozilla/5.0
192.168.0.3,2025-04-01T23:43:21,GET,/contact,HTTP/1.1,200,Chrome/112.0
192.168.0.9,2025-04-01T06:03:33,GET,/contact,HTTP/1.1,404,Safari/537.36
192.168.0.3,2025-04-01T07:58:20,GET,/home,HTTP/1.1,404,Mozilla/5.0
192.168.0.3,2025-04-01T22:36:26,GET,/products,HTTP/1.1,200,Chrome/112.0
192.168.0.9,2025-04-01T16:39:44,GET,/contact,HTTP/1.1,404,Opera/9.80
192.168.0.8,2025-04-01T15:28:47,POST,/about,HTTP/1.1,200,Edge/91.0
192.168.0.7,2025-04-01T06:35:41,GET,/,HTTP/1.1,500,Opera/9.80
192.168.0.8,2025-04-01T12:33:09,POST,/contact,HTTP/1.1,200,Mozilla/5.0
192.168.0.5,2025-04-01T11:31:15,GET,/blog,HTTP/1.1,500,Edge/91.0
192.168.0.6,2025-04-01T04:18:12,GET,/about,HTTP/1.1,200,Opera/9.80
192.168.0.10,2025-04-01T07:34:49,GET,/products,HTTP/1.1,200,Opera/9.80
192.168.0.5,2025-04-01T18:35:12,GET,/home,HTTP/1.1,404,Opera/9.80
192.168.0.4,2025-04-01T15:12:18,GET,/about,HTTP/1.1,200,Safari/537.36
192.168.0.8,2025-04-01T22:38:57,POST,/blog,HTTP/1.1,404,Opera/9.80
192.168.0.6,2025-04-01T04:52:48,GET,/blog,HTTP/1.1,200,Edge/91.0
192.168.0.4,2025-04-01T11:02:21,GET,/blog,HTTP/1.1,200,Safari/537.36
192.168.0.2,2025-04-01T02:06:45,POST,/about,HTTP/1.1,500,Safari/537.36
192.168.0.1,2025-04-01T13:53:53,POST,/products,HTTP/1.1,404,Safari/537.36
192.168.0.3,2025-04-01T23:18:45,GET,/blog,HTTP/1.1,404,Chrome/112.0
192.168.0.9,2025-04-01T06:37:25,GET,/products,HTTP/1.1,404,Chrome/112.0
192.168.0.2,2025-04-01T07:04:55,POST,/contact,HTTP/1.1,404,Safari/537.36
192.168.0.5,2025-04-01T15:24:37,GET,/blog,HTTP/1.1,200,Opera/9.80
192.168.0.5,2025-04-01T01:05:01,POST,/blog,HTTP/1.1,500,Edge/91.0
192.168.0.5,2025-04-01T22:53:48,GET,/blog,HTTP/1.1,404,Edge/91.0
192.168.0.7,2025-04-01T16:35:36,POST,/,HTTP/1.1,200,Mozilla/5.0
192.168.0.2,2025-04-01T20:10:40,GET,/,HTTP/1.1,200,Edge/91.0
192.168.0.3,2025-04-01T22:31:54,GET,/contact,HTTP/1.1,200,Mozilla/5.0
192.168.0.4,2025-04-01T02:35:15,POST,/products,HTTP/1.1,404,Chrome/112.0
192.168.0.7,2025-04-01T06:34:22,POST,/products,HTTP/1.1,200,Opera/9.80
192.168.0.8,2025-04-01T11:16:49,POST,/blog,HTTP/1.1,200,Opera/9.80
192.168.0.1,2025-04-01T20:53:39,POST,/contact,HTTP/1.1,200,Safari/537.36
192.168.0.2,2025-04-01T13:09:54,GET,/about,HTTP/1.1,500,Edge/91.0
192.168.0.7,2025-04-01T22:59:01,POST,/home,HTTP/1.1,404,Opera/9.80
192.168.0.5,2025-04-01T14:55:27,POST,/about,HTTP/1.1,500,Mozilla/5.0
192.168.0.2,2025-04-01T09:55:00,POST,/blog,HTTP/1.1,200,Chrome/112.0
192.168.0.6,2025-04-01T15:34:24,POST,/contact,HTTP/1.1,404,Chrome/112.0
192.168.0.5,2025-04-01T17:31:35,GET,/,HTTP/1.1,404,Edge/91.0
192.168.0.3,2025-04-01T15:00:50,POST,/blog,HTTP/1.1,200,Chrome/112.0
192.168.0.10,2025-04-01T11:07:58,GET,/,HTTP/1.1,200,Opera/9.80
192.168.0.7,2025-04-01T02:54:42,GET,/home,HTTP/1.1,500,Edge/91.0
192.168.0.3,2025-04-01T18:52:49,GET,/blog,HTTP/1.1,200,Chrome/112.0
192.168.0.6,2025-04-01T01:32:58,GET,/about,HTTP/1.1,404,Chrome/112.0
192.168.0.3,2025-04-01T20:30:05,POST,/contact,HTTP/1.1,200,Mozilla/5.0
192.168.0.10,2025-04-01T11:22:40,GET,/,HTTP/1.1,500,Opera/9.80
192.168.0.3,2025-04-01T12:12:54,POST,/contact,HTTP/1.1,500,Mozilla/5.0
192.168.0.5,2025-04-01T16:43:45,POST,/blog,HTTP/1.1,200,Opera/9.80
192.168.0.2,2025-04-01T17:53:20,GET,/blog,HTTP/1.1,500,Chrome/112.0
192.168.0.3,2025-04-01T06:38:50,POST,/contact,HTTP/1.1,200,Edge/91.0
192.168.0.5,2025-04-01T13:41:54,POST,/contact,HTTP/1.1,500,Edge/91.0
192.168.0.3,2025-04-01T12:38:13,POST,/about,HTTP/1.1,404,Edge/91.0
192.168.0.6,2025-04-01T19:36:57,POST,/contact,HTTP/1.1,200,Opera/9.80
192.168.0.10,2025-04-01T17:43:23,POST,/about,HTTP/1.1,404,Chrome/112.0
192.168.0.4,2025-04-01T10:25:17,GET,/home,HTTP/1.1,200,Opera/9.80
192.168.0.5,2025-04-01T13:49:05,GET,/products,HTTP/1.1,200,Edge/91.0
192.168.0.10,2025-04-01T06:20:35,GET,/home,HTTP/1.1,404,Opera/9.80
192.168.0.2,2025-04-01T04:00:33,POST,/home,HTTP/1.1,200,Mozilla/5.0
192.168.0.3,2025-04-01T20:08:17,GET,/,HTTP/1.1,200,Chrome/112.0
192.168.0.9,2025-04-01T15:21:01,POST,/home,HTTP/1.1,200,Chrome/112.0
192.168.0.8,2025-04-01T11:10:52,POST,/about,HTTP/1.1,200,Opera/9.80
192.168.0.9,2025-04-01T16:18:03,POST,/blog,HTTP/1.1,404,Safari/537.36
192.168.0.7,2025-04-01T12:26:54,POST,/about,HTTP/1.1,404,Safari/537.36
192.168.0.8,2025-04-01T20:31:19,GET,/,HTTP/1.1,500,Edge/91.0
192.168.0.5,2025-04-01T13:50:30,POST,/about,HTTP/1.1,200,Safari/537.36
192.168.0.1,2025-04-01T06:29:15,POST,/contact,HTTP/1.1,200,Opera/9.80
192.168.0.3,2025-04-01T10:41:56,POST,/blog,HTTP/1.1,200,Chrome/112.0
192.168.0.4,2025-04-01T10:57:32,POST,/about,HTTP/1.1,200,Opera/9.80
192.168.0.2,2025-04-01T08:50:09,GET,/contact,HTTP/1.1,500,Edge/91.0
192.168.0.1,2025-04-01T04:38:28,GET,/about,HTTP/1.1,404,Mozilla/5.0
192.168.0.10,2025-04-01T20:11:10,GET,/contact,HTTP/1.1,200,Safari/537.36
192.168.0.3,2025-04-01T14:14:49,GET,/products,HTTP/1.1,200,Edge/91.0
192.168.0.7,2025-04-01T05:06:08,POST,/,HTTP/1.1,200,Edge/91.0
192.168.0.9,2025-04-01T19:51:34,POST,/,HTTP/1.1,200,Chrome/112.0
192.168.0.3,2025-04-01T09:50:41,POST,/products,HTTP/1.1,200,Edge/91.0
192.168.0.4,2025-04-01T06:31:17,POST,/blog,HTTP/1.1,200,Mozilla/5.0
192.168.0.2,2025-04-01T02:59:19,GET,/home,HTTP/1.1,404,Chrome/112.0
192.168.0.5,2025-04-01T21:11:22,POST,/blog,HTTP/1.1,200,Mozilla/5.0
192.168.0.7,2025-04-01T17:10:29,POST,/about,HTTP/1.1,200,Chrome/112.0
192.168.0.7,2025-04-01T15:47:45,GET,/about,HTTP/1.1,200,Opera/9.80
192.168.0.4,2025-04-01T02:14:08,GET,/home,HTTP/1.1,200,Chrome/112.0
192.168.0.3,2025-04-01T15:35:41,GET,/about,HTTP/1.1,404,Edge/91.0
192.168.0.2,2025-04-01T15:59:14,POST,/home,HTTP/1.1,404,Mozilla/5.0
192.168.0.3,2025-04-01T17:50:03,GET,/blog,HTTP/1.1,200,Chrome/112.0
192.168.0.7,2025-04-01T01:30:10,POST,/blog,HTTP/1.1,500,Chrome/112.0
192.168.0.2,2025-04-01T03:14:18,GET,/contact,HTTP/1.1,500,Opera/9.80
192.168.0.2,2025-04-01T08:24:15,GET,/contact,HTTP/1.1,404,Chrome/112.0
192.168.0.7,2025-04-01T15:36:44,GET,/blog,HTTP/1.1,200,Mozilla/5.0
192.168.0.1,2025-04-01T10:26:21,GET,/products,HTTP/1.1,200,Chrome/112.0
192.168.0.5,2025-04-01T03:21:13,POST,/about,HTTP/1.1,404,Chrome/112.0
192.168.0.4,2025-04-01T11:09:43,GET,/blog,HTTP/1.1,200,Mozilla/5.0
192.168.0.6,2025-04-01T20:34:54,GET,/home,HTTP/1.1,200,Opera/9.80
192.168.0.2,2025-04-01T11:50:52,POST,/blog,HTTP/1.1,500,Safari/537.36
192.168.0.10,2025-04-01T16:05:57,GET,/products,HTTP/1.1,404,Opera/9.80
192.168.0.10,2025-04-01T13:12:24,GET,/blog,HTTP/1.1,200,Safari/537.36
192.168.0.3,2025-04-01T16:53:55,GET,/home,HTTP/1.1,404,Mozilla/5.0
192.168.0.2,2025-04-01T07:27:10,GET,/home,HTTP/1.1,404,Mozilla/5.0
192.168.0.2,2025-04-01T02:10:59,GET,/blog,HTTP/1.1,200,Chrome/112.0
192.168.0.9,2025-04-01T09:50:27,GET,/about,HTTP/1.1,200,Mozilla/5.0
192.168.0.4,2025-04-01T23:38:23,POST,/about,HTTP/1.1,404,Edge/91.0
192.168.0.4,2025-04-01T23:41:37,GET,/products,HTTP/1.1,200,Safari/537.36
192.168.0.7,2025-04-01T05:39:23,GET,/home,HTTP/1.1,200,Edge/91.0
192.168.0.3,2025-04-01T12:57:32,POST,/home,HTTP/1.1,200,Safari/537.36
192.168.0.8,2025-04-01T05:45:38,GET,/home,HTTP/1.1,404,Mozilla/5.0
192.168.0.7,2025-04-01T22:28:10,GET,/home,HTTP/1.1,200,Chrome/112.0
192.168.0.10,2025-04-01T10:15:12,POST,/contact,HTTP/1.1,200,Opera/9.80
192.168.0.2,2025-04-01T15:12:12,POST,/contact,HTTP/1.1,200,Mozilla/5.0
192.168.0.1,2025-04-01T09:45:39,POST,/,HTTP/1.1,200,Chrome/112.0
192.168.0.9,2025-04-01T11:53:52,POST,/,HTTP/1.1,200,Opera/9.80
192.168.0.3,2025-04-01T12:13:34,POST,/contact,HTTP/1.1,200,Opera/9.80
192.168.0.2,2025-04-01T22:04:47,GET,/home,HTTP/1.1,500,Edge/91.0
192.168.0.7,2025-04-01T20:23:34,GET,/,HTTP/1.1,200,Chrome/112.0
192.168.0.2,2025-04-01T22:05:18,POST,/products,HTTP/1.1,200,Chrome/112.0
192.168.0.10,2025-04-01T02:54:34,GET,/contact,HTTP/1.1,500,Chrome/112.0
192.168.0.4,2025-04-01T10:06:02,POST,/about,HTTP/1.1,200,Opera/9.80
192.168.0.2,2025-04-01T09:39:50,GET,/home,HTTP/1.1,200,Safari/537.36
192.168.0.8,2025-04-01T02:12:22,GET,/contact,HTTP/1.1,200,Opera/9.80
192.168.0.4,2025-04-01T18:10:18,POST,/about,HTTP/1.1,500,Edge/91.0
192.168.0.6,2025-04-01T23:51:32,POST,/blog,HTTP/1.1,500,Mozilla/5.0
192.168.0.8,2025-04-01T04:47:23,POST,/,HTTP/1.1,500,Chrome/112.0
192.168.0.1,2025-04-01T08:41:55,POST,/blog,HTTP/1.1,200,Chrome/112.0
192.168.0.1,2025-04-01T03:30:00,GET,/contact,HTTP/1.1,500,Opera/9.80
192.168.0.9,2025-04-01T03:31:40,POST,/blog,HTTP/1.1,200,Chrome/112.0
192.168.0.6,2025-04-01T11:39:52,POST,/blog,HTTP/1.1,404,Edge/91.0
192.168.0.8,2025-04-01T09:31:44,GET,/blog,HTTP/1.1,200,Mozilla/5.0
192.168.0.8,2025-04-01T14:28:53,GET,/products,HTTP/1.1,200,Edge/91.0
192.168.0.9,2025-04-01T10:58:45,GET,/about,HTTP/1.1,200,Safari/537.36
192.168.0.1,2025-04-01T09:17:52,POST,/products,HTTP/1.1,200,Chrome/112.0
192.168.0.9,2025-04-01T06:18:33,POST,/contact,HTTP/1.1,200,Edge/91.0
192.168.0.10,2025-04-01T19:59:57,GET,/about,HTTP/1.1,404,Safari/537.36
192.168.0.7,2025-04-01T06:28:17,GET,/home,HTTP/1.1,200,Chrome/112.0
192.168.0.4,2025-04-01T01:44:06,POST,/blog,HTTP/1.1,200,Opera/9.80
192.168.0.8,2025-04-01T16:03:30,GET,/about,HTTP/1.1,200,Edge/91.0
192.168.0.6,2025-04-01T04:42:26,GET,/,HTTP/1.1,200,Mozilla/5.0
192.168.0.2,2025-04-01T05:09:28,POST,/contact,HTTP/1.1,200,Chrome/112.0
192.168.0.10,2025-04-01T06:43:54,POST,/,HTTP/1.1,500,Mozilla/5.0
192.168.0.3,2025-04-01T18:01:34,POST,/products,HTTP/1.1,500,Mozilla/5.0
192.168.0.1,2025-04-01T11:02:23,GET,/about,HTTP/1.1,200,Edge/91.0
192.168.0.9,2025-04-01T13:45:52,GET,/contact,HTTP/1.1,500,Chrome/112.0
192.168.0.1,2025-04-01T17:27:37,POST,/blog,HTTP/1.1,200,Opera/9.80
192.168.0.1,2025-04-01T12:17:49,POST,/products,HTTP/1.1,404,Edge/91.0
192.168.0.6,2025-04-01T22:47:38,POST,/,HTTP/1.1,200,Opera/9.80
192.168.0.1,2025-04-01T17:13:02,GET,/about,HTTP/1.1,200,Safari/537.36
192.168.0.8,2025-04-01T10:48:30,GET,/products,HTTP/1.1,200,Safari/537.36
192.168.0.8,2025-04-01T16:29:00,GET,/products,HTTP/1.1,200,Mozilla/5.0
192.168.0.10,2025-04-01T13:50:57,POST,/about,HTTP/1.1,200,Opera/9.80
192.168.0.2,2025-04-01T10:12:17,GET,/contact,HTTP/1.1,200,Mozilla/5.0
192.168.0.5,2025-04-01T05:09:50,GET,/about,HTTP/1.1,404,Chrome/112.0
192.168.0.3,2025-04-01T13:57:50,POST,/contact,HTTP/1.1,200,Chrome/112.0
192.168.0.5,2025-04-01T01:47:34,POST,/contact,HTTP/1.1,404,Chrome/112.0
192.168.0.2,2025-04-01T13:16:10,GET,/,HTTP/1.1,200,Opera/9.80
192.168.0.9,2025-04-01T03:57:51,GET,/,HTTP/1.1,200,Mozilla/5.0
192.168.0.7,2025-04-01T23:46:57,POST,/home,HTTP/1.1,200,Safari/537.36
192.168.0.5,2025-04-01T04:40:57,GET,/products,HTTP/1.1,404,Opera/9.80
192.168.0.6,2025-04-01T11:48:11,GET,/blog,HTTP/1.1,404,Opera/9.80
192.168.0.5,2025-04-01T21:15:49,POST,/,HTTP/1.1,500,Safari/537.36
192.168.0.6,2025-04-01T17:01:55,POST,/products,HTTP/1.1,404,Chrome/112.0
192.168.0.4,2025-04-01T21:43:04,GET,/home,HTTP/1.1,200,Safari/537.36
192.168.0.2,2025-04-01T15:55:04,GET,/blog,HTTP/1.1,404,Chrome/112.0
192.168.0.8,2025-04-01T12:36:24,GET,/about,HTTP/1.1,404,Opera/9.80
192.168.0.9,2025-04-01T15:45:28,GET,/,HTTP/1.1,404,Opera/9.80
192.168.0.5,2025-04-01T22:38:01,POST,/,HTTP/1.1,200,Edge/91.0
192.168.0.6,2025-04-01T05:48:35,GET,/blog,HTTP/1.1,200,Opera/9.80
192.168.0.10,2025-04-01T00:42:32,POST,/blog,HTTP/1.1,200,Chrome/112.0
192.168.0.8,2025-04-01T11:26:35,GET,/contact,HTTP/1.1,200,Safari/537.36
192.168.0.2,2025-04-01T07:27:20,GET,/blog,HTTP/1.1,200,Mozilla/5.0
192.168.0.3,2025-04-01T04:13:35,POST,/about,HTTP/1.1,404,Edge/91.0
192.168.0.7,2025-04-01T14:40:52,POST,/contact,HTTP/1.1,200,Mozilla/5.0
192.168.0.8,2025-04-01T20:45:23,POST,/,HTTP/1.1,200,Opera/9.80
192.168.0.3,2025-04-01T15:22:20,GET,/contact,HTTP/1.1,404,Opera/9.80
192.168.0.1,2025-04-01T13:59:22,GET,/home,HTTP/1.1,200,Chrome/112.0
192.168.0.5,2025-04-01T09:24:54,POST,/products,HTTP/1.1,200,Edge/91.0
192.168.0.6,2025-04-01T19:25:59,GET,/about,HTTP/1.1,200,Opera/9.80
192.168.0.3,2025-04-01T23:43:40,POST,/products,HTTP/1.1,500,Chrome/112.0
192.168.0.3,2025-04-01T16:58:51,POST,/about,HTTP/1.1,200,Opera/9.80
192.168.0.6,2025-04-01T00:17:08,GET,/home,HTTP/1.1,500,Chrome/112.0
192.168.0.10,2025-04-01T21:15:57,POST,/about,HTTP/1.1,200,Safari/537.36
192.168.0.7,2025-04-01T21:37:20,POST,/about,HTTP/1.1,200,Mozilla/5.0
192.168.0.8,2025-04-01T03:14:46,GET,/contact,HTTP/1.1,200,Edge/91.0
192.168.0.9,2025-04-01T17:24:44,GET,/products,HTTP/1.1,404,Safari/537.36
192.168.0.1,2025-04-01T19:34:15,GET,/contact,HTTP/1.1,200,Chrome/112.0
192.168.0.3,2025-04-01T10:56:02,GET,/blog,HTTP/1.1,200,Safari/537.36
192.168.0.9,2025-04-01T04:08:44,GET,/blog,HTTP/1.1,404,Safari/537.36
192.168.0.9,2025-04-01T08:19:05,GET,/home,HTTP/1.1,404,Edge/91.0
192.168.0.4,2025-04-01T21:53:03,GET,/about,HTTP/1.1,200,Edge/91.0
192.168.0.9,2025-04-01T13:18:22,GET,/,HTTP/1.1,200,Mozilla/5.0
192.168.0.2,2025-04-01T18:29:14,POST,/blog,HTTP/1.1,200,Opera/9.80
192.168.0.6,2025-04-01T05:02:10,POST,/products,HTTP/1.1,404,Safari/537.36
192.168.0.4,2025-04-01T04:32:24,POST,/,HTTP/1.1,404,Chrome/112.0
192.168.0.2,2025-04-01T05:41:49,GET,/,HTTP/1.1,200,Safari/537.36
192.168.0.8,2025-04-01T17:13:57,GET,/,HTTP/1.1,500,Safari/537.36
192.168.0.9,2025-04-01T19:27:59,POST,/home,HTTP/1.1,200,Mozilla/5.0
192.168.0.6,2025-04-01T15:12:23,POST,/,HTTP/1.1,200,Edge/91.0
192.168.0.6,2025-04-01T03:13:04,GET,/about,HTTP/1.1,404,Edge/91.0
192.168.0.4,2025-04-01T09:36:11,GET,/products,HTTP/1.1,200,Edge/91.0
192.168.0.6,2025-04-01T16:16:51,POST,/home,HTTP/1.1,404,Safari/537.36
192.168.0.10,2025-04-01T14:11:50,GET,/blog,HTTP/1.1,404,Opera/9.80
192.168.0.3,2025-04-01T09:28:09,POST,/about,HTTP/1.1,404,Chrome/112.0
192.168.0.9,2025-04-01T21:19:03,POST,/about,HTTP/1.1,500,Safari/537.36
192.168.0.7,2025-04-01T08:05:00,POST,/home,HTTP/1.1,500,Opera/9.80
192.168.0.8,2025-04-01T06:07:20,POST,/products,HTTP/1.1,200,Opera/9.80
192.168.0.7,2025-04-01T14:06:56,GET,/home,HTTP/1.1,200,Mozilla/5.0
192.168.0.7,2025-04-01T16:58:26,POST,/contact,HTTP/1.1,500,Opera/9.80
192.168.0.5,2025-04-01T03:31:05,GET,/home,HTTP/1.1,404,Chrome/112.0
192.168.0.3,2025-04-01T21:22:23,POST,/about,HTTP/1.1,200,Chrome/112.0
192.168.0.8,2025-04-01T12:37:17,GET,/about,HTTP/1.1,200,Safari/537.36
192.168.0.9,2025-04-01T03:15:06,POST,/products,HTTP/1.1,200,Opera/9.80
192.168.0.4,2025-04-01T07:11:59,GET,/about,HTTP/1.1,200,Edge/91.0
192.168.0.9,2025-04-01T14:40:43,GET,/about,HTTP/1.1,200,Chrome/112.0
192.168.0.6,2025-04-01T17:04:22,POST,/blog,HTTP/1.1,404,Safari/537.36
192.168.0.2,2025-04-01T13:11:45,POST,/,HTTP/1.1,404,Opera/9.80
192.168.0.8,2025-04-01T05:15:54,GET,/contact,HTTP/1.1,200,Edge/91.0
192.168.0.4,2025-04-01T08:24:48,POST,/home,HTTP/1.1,200,Safari/537.36
192.168.0.2,2025-04-01T04:21:07,POST,/about,HTTP/1.1,200,Opera/9.80
192.168.0.1,2025-04-01T12:32:31,POST,/blog,HTTP/1.1,200,Mozilla/5.0
192.168.0.6,2025-04-01T16:40:34,POST,/about,HTTP/1.1,200,Opera/9.80
192.168.0.6,2025-04-01T06:15:22,POST,/products,HTTP/1.1,200,Opera/9.80
192.168.0.9,2025-04-01T17:16:12,POST,/home,HTTP/1.1,404,Chrome/112.0
192.168.0.7,2025-04-01T16:38:44,POST,/contact,HTTP/1.1,200,Mozilla/5.0
192.168.0.5,2025-04-01T16:41:11,GET,/home,HTTP/1.1,200,Safari/537.36
192.168.0.5,2025-04-01T01:05:50,POST,/home,HTTP/1.1,404,Safari/537.36
192.168.0.1,2025-04-01T19:16:36,POST,/,HTTP/1.1,200,Safari/537.36
192.168.0.2,2025-04-01T12:50:34,POST,/,HTTP/1.1,404,Chrome/112.0
192.168.0.5,2025-04-01T14:19:21,POST,/,HTTP/1.1,200,Chrome/112.0
192.168.0.1,2025-04-01T18:43:36,POST,/about,HTTP/1.1,200,Chrome/112.0
192.168.0.9,2025-04-01T16:05:55,GET,/,HTTP/1.1,200,Opera/9.80
192.168.0.6,2025-04-01T23:44:16,GET,/about,HTTP/1.1,200,Safari/537.36
192.168.0.7,2025-04-01T13:58:08,POST,/blog,HTTP/1.1,200,Mozilla/5.0
192.168.0.2,2025-04-01T03:29:24,POST,/about,HTTP/1.1,404,Chrome/112.0
192.168.0.10,2025-04-01T21:28:31,GET,/blog,HTTP/1.1,200,Chrome/112.0
192.168.0.9,2025-04-01T15:46:23,GET,/products,HTTP/1.1,200,Opera/9.80
192.168.0.5,2025-04-01T15:23:52,POST,/products,HTTP/1.1,200,Mozilla/5.0
192.168.0.10,2025-04-01T17:05:06,GET,/,HTTP/1.1,404,Safari/537.36
192.168.0.1,2025-04-01T14:47:55,GET,/contact,HTTP/1.1,500,Mozilla/5.0
192.168.0.9,2025-04-01T03:36:09,POST,/home,HTTP/1.1,200,Chrome/112.0
192.168.0.2,2025-04-01T06:30:46,GET,/contact,HTTP/1.1,200,Edge/91.0
192.168.0.10,2025-04-01T17:02:04,GET,/about,HTTP/1.1,200,Chrome/112.0
192.168.0.10,2025-04-01T15:30:21,POST,/contact,HTTP/1.1,500,Edge/91.0
192.168.0.7,2025-04-01T22:38:45,POST,/,HTTP/1.1,200,Edge/91.0
192.168.0.10,2025-04-01T00:09:51,POST,/contact,HTTP/1.1,200,Mozilla/5.0
192.168.0.5,2025-04-01T06:54:56,GET,/products,HTTP/1.1,200,Mozilla/5.0
192.168.0.9,2025-04-01T20:51:12,GET,/,HTTP/1.1,200,Opera/9.80
192.168.0.10,2025-04-01T05:19:00,GET,/products,HTTP/1.1,200,Edge/91.0
192.168.0.8,2025-04-01T01:53:08,GET,/contact,HTTP/1.1,404,Safari/537.36
192.168.0.6,2025-04-01T00:35:51,GET,/home,HTTP/1.1,404,Opera/9.80
192.168.0.7,2025-04-01T01:27:59,POST,/,HTTP/1.1,200,Chrome/112.0
192.168.0.10,2025-04-01T16:09:41,POST,/,HTTP/1.1,200,Opera/9.80
192.168.0.2,2025-04-01T15:18:27,GET,/home,HTTP/1.1,200,Mozilla/5.0
192.168.0.4,2025-04-01T07:00:41,POST,/blog,HTTP/1.1,200,Safari/537.36
192.168.0.9,2025-04-01T10:28:19,GET,/products,HTTP/1.1,404,Opera/9.80
192.168.0.5,2025-04-01T18:00:15,POST,/products,HTTP/1.1,404,Mozilla/5.0
192.168.0.10,2025-04-01T16:49:44,GET,/home,HTTP/1.1,200,Opera/9.80
192.168.0.8,2025-04-01T16:28:28,GET,/about,HTTP/1.1,200,Mozilla/5.0
192.168.0.6,2025-04-01T15:55:22,GET,/about,HTTP/1.1,200,Edge/91.0
192.168.0.8,2025-04-01T09:35:45,POST,/contact,HTTP/1.1,404,Safari/537.36
192.168.0.10,2025-04-01T14:43:47,GET,/blog,HTTP/1.1,200,Opera/9.80
192.168.0.9,2025-04-01T16:48:58,GET,/home,HTTP/1.1,500,Opera/9.80
192.168.0.8,2025-04-01T01:14:04,GET,/blog,HTTP/1.1,200,Chrome/112.0
192.168.0.2,2025-04-01T00:37:22,POST,/,HTTP/1.1,200,Mozilla/5.0
192.168.0.6,2025-04-01T15:34:59,POST,/home,HTTP/1.1,200,Chrome/112.0
192.168.0.10,2025-04-01T01:33:21,POST,/contact,HTTP/1.1,404,Edge/91.0
192.168.0.4,2025-04-01T05:07:06,POST,/,HTTP/1.1,200,Safari/537.36
192.168.0.3,2025-04-01T01:41:40,POST,/home,HTTP/1.1,500,Opera/9.80
192.168.0.7,2025-04-01T22:54:16,GET,/,HTTP/1.1,404,Safari/537.36
192.168.0.1,2025-04-01T22:42:04,POST,/home,HTTP/1.1,200,Chrome/112.0
192.168.0.3,2025-04-01T10:06:33,POST,/products,HTTP/1.1,200,Safari/537.36
192.168.0.7,2025-04-01T21:53:56,POST,/home,HTTP/1.1,404,Safari/537.36
192.168.0.2,2025-04-01T15:26:20,POST,/,HTTP/1.1,200,Safari/537.36
192.168.0.8,2025-04-01T15:38:30,POST,/,HTTP/1.1,404,Opera/9.80
192.168.0.10,2025-04-01T20:55:39,GET,/contact,HTTP/1.1,404,Chrome/112.0
192.168.0.1,2025-04-01T02:50:46,GET,/blog,HTTP/1.1,500,Opera/9.80
192.168.0.1,2025-04-01T14:16:31,POST,/contact,HTTP/1.1,404,Edge/91.0
192.168.0.1,2025-04-01T23:12:02,POST,/home,HTTP/1.1,404,Safari/537.36
192.168.0.1,2025-04-01T07:30:27,GET,/blog,HTTP/1.1,200,Mozilla/5.0
192.168.0.3,2025-04-01T04:35:23,GET,/home,HTTP/1.1,404,Opera/9.80
192.168.0.4,2025-04-01T22:17:46,GET,/about,HTTP/1.1,200,Edge/91.0
192.168.0.4,2025-04-01T12:50:41,GET,/about,HTTP/1.1,500,Safari/537.36
192.168.0.5,2025-04-01T14:32:30,POST,/about,HTTP/1.1,200,Safari/537.36
192.168.0.5,2025-04-01T07:08:12,GET,/,HTTP/1.1,200,Safari/537.36
192.168.0.10,2025-04-01T17:38:47,GET,/contact,HTTP/1.1,200,Edge/91.0
192.168.0.1,2025-04-01T22:58:01,GET,/home,HTTP/1.1,200,Safari/537.36
192.168.0.9,2025-04-01T20:52:04,POST,/about,HTTP/1.1,500,Opera/9.80
192.168.0.7,2025-04-01T19:21:31,GET,/about,HTTP/1.1,500,Opera/9.80
192.168.0.6,2025-04-01T02:57:34,POST,/about,HTTP/1.1,200,Safari/537.36
192.168.0.4,2025-04-01T02:14:09,POST,/home,HTTP/1.1,404,Mozilla/5.0
192.168.0.1,2025-04-01T11:08:19,POST,/contact,HTTP/1.1,200,Mozilla/5.0
192.168.0.4,2025-04-01T14:57:05,GET,/about,HTTP/1.1,200,Edge/91.0
192.168.0.5,2025-04-01T03:29:01,GET,/contact,HTTP/1.1,200,Chrome/112.0
192.168.0.3,2025-04-01T13:28:53,GET,/contact,HTTP/1.1,404,Opera/9.80
192.168.0.3,2025-04-01T22:55:35,POST,/products,HTTP/1.1,200,Opera/9.80
192.168.0.4,2025-04-01T05:00:02,GET,/home,HTTP/1.1,200,Chrome/112.0
192.168.0.10,2025-04-01T10:42:54,GET,/contact,HTTP/1.1,200,Mozilla/5.0
192.168.0.1,2025-04-01T07:52:45,POST,/about,HTTP/1.1,404,Opera/9.80
192.168.0.6,2025-04-01T15:04:18,POST,/contact,HTTP/1.1,200,Edge/91.0
192.168.0.2,2025-04-01T01:30:51,POST,/about,HTTP/1.1,200,Chrome/112.0
192.168.0.8,2025-04-01T22:38:42,POST,/blog,HTTP/1.1,200,Safari/537.36
192.168.0.3,2025-04-01T10:14:29,POST,/blog,HTTP/1.1,200,Safari/537.36
192.168.0.5,2025-04-01T00:28:03,POST,/blog,HTTP/1.1,500,Opera/9.80
192.168.0.5,2025-04-01T17:10:30,POST,/blog,HTTP/1.1,200,Safari/537.36
192.168.0.6,2025-04-01T13:58:05,GET,/,HTTP/1.1,500,Opera/9.80
192.168.0.7,2025-04-01T14:40:45,GET,/home,HTTP/1.1,200,Opera/9.80
192.168.0.9,2025-04-01T03:37:13,GET,/home,HTTP/1.1,200,Chrome/112.0
192.168.0.3,2025-04-01T10:32:01,POST,/blog,HTTP/1.1,200,Mozilla/5.0
192.168.0.4,2025-04-01T17:42:56,GET,/home,HTTP/1.1,200,Safari/537.36
192.168.0.1,2025-04-01T08:13:53,GET,/blog,HTTP/1.1,200,Edge/91.0
192.168.0.1,2025-04-01T03:58:37,GET,/about,HTTP/1.1,404,Chrome/112.0
192.168.0.9,2025-04-01T05:21:06,GET,/about,HTTP/1.1,500,Mozilla/5.0
192.168.0.4,2025-04-01T12:03:26,POST,/,HTTP/1.1,200,Opera/9.80
192.168.0.4,2025-04-01T19:24:43,GET,/home,HTTP/1.1,200,Opera/9.80
192.168.0.5,2025-04-01T04:59:21,POST,/blog,HTTP/1.1,200,Edge/91.0
192.168.0.8,2025-04-01T11:54:56,POST,/products,HTTP/1.1,200,Chrome/112.0
192.168.0.9,2025-04-01T23:27:43,POST,/home,HTTP/1.1,200,Opera/9.80
192.168.0.9,2025-04-01T06:28:02,POST,/about,HTTP/1.1,404,Safari/537.36
192.168.0.4,2025-04-01T17:28:36,POST,/,HTTP/1.1,200,Mozilla/5.0
192.168.0.10,2025-04-01T10:09:20,POST,/blog,HTTP/1.1,500,Mozilla/5.0
192.168.0.10,2025-04-01T14:45:28,GET,/home,HTTP/1.1,500,Chrome/112.0
192.168.0.7,2025-04-01T07:27:20,GET,/,HTTP/1.1,200,Mozilla/5.0
192.168.0.5,2025-04-01T02:03:23,POST,/blog,HTTP/1.1,200,Chrome/112.0
192.168.0.10,2025-04-01T18:11:03,GET,/home,HTTP/1.1,200,Chrome/112.0
192.168.0.7,2025-04-01T15:36:02,GET,/about,HTTP/1.1,200,Chrome/112.0
192.168.0.8,2025-04-01T13:40:10,POST,/,HTTP/1.1,200,Mozilla/5.0
192.168.0.10,2025-04-01T17:39:02,POST,/home,HTTP/1.1,200,Edge/91.0
192.168.0.2,2025-04-01T22:47:08,POST,/contact,HTTP/1.1,200,Opera/9.80
192.168.0.1,2025-04-01T12:04:15,POST,/contact,HTTP/1.1,200,Edge/91.0
192.168.0.2,2025-04-01T18:14:56,GET,/products,HTTP/1.1,200,Chrome/112.0
192.168.0.9,2025-04-01T20:30:50,GET,/home,HTTP/1.1,200,Chrome/112.0
192.168.0.6,2025-04-01T01:03:56,POST,/home,HTTP/1.1,404,Opera/9.80
192.168.0.5,2025-04-01T02:33:47,GET,/,HTTP/1.1,500,Mozilla/5.0
192.168.0.6,2025-04-01T02:01:44,POST,/blog,HTTP/1.1,200,Opera/9.80
192.168.0.4,2025-04-01T10:41:42,POST,/about,HTTP/1.1,404,Safari/537.36
192.168.0.8,2025-04-01T11:22:55,POST,/home,HTTP/1.1,404,Mozilla/5.0
192.168.0.5,2025-04-01T21:29:05,POST,/products,HTTP/1.1,200,Mozilla/5.0
192.168.0.2,2025-04-01T14:04:49,GET,/blog,HTTP/1.1,404,Mozilla/5.0
192.168.0.7,2025-04-01T21:35:44,GET,/home,HTTP/1.1,200,Edge/91.0
192.168.0.7,2025-04-01T17:11:10,GET,/contact,HTTP/1.1,500,Safari/537.36
192.168.0.7,2025-04-01T05:32:18,GET,/products,HTTP/1.1,200,Mozilla/5.0
192.168.0.10,2025-04-01T17:38:33,GET,/home,HTTP/1.1,200,Mozilla/5.0
192.168.0.3,2025-04-01T20:25:42,GET,/,HTTP/1.1,200,Safari/537.36
192.168.0.8,2025-04-01T06:11:14,GET,/contact,HTTP/1.1,200,Mozilla/5.0
192.168.0.6,2025-04-01T03:12:44,POST,/about,HTTP/1.1,200,Edge/91.0
192.168.0.8,2025-04-01T22:15:10,GET,/about,HTTP/1.1,200,Safari/537.36
192.168.0.10,2025-04-01T19:51:14,POST,/,HTTP/1.1,404,Safari/537.36
192.168.0.7,2025-04-01T19:28:23,GET,/home,HTTP/1.1,200,Edge/91.0
192.168.0.8,2025-04-01T22:35:09,POST,/products,HTTP/1.1,404,Chrome/112.0
192.168.0.10,2025-04-01T05:53:44,GET,/,HTTP/1.1,200,Safari/537.36
192.168.0.7,2025-04-01T15:32:58,POST,/contact,HTTP/1.1,200,Edge/91.0
192.168.0.1,2025-04-01T12:32:12,GET,/about,HTTP/1.1,200,Edge/91.0
192.168.0.1,2025-04-01T10:27:22,GET,/about,HTTP/1.1,500,Chrome/112.0
192.168.0.7,2025-04-01T04:41:21,GET,/products,HTTP/1.1,500,Opera/9.80
192.168.0.4,2025-04-01T10:07:56,GET,/products,HTTP/1.1,200,Edge/91.0
192.168.0.2,2025-04-01T23:48:48,POST,/about,HTTP/1.1,200,Mozilla/5.0
192.168.0.9,2025-04-01T09:15:41,GET,/about,HTTP/1.1,200,Safari/537.36
192.168.0.8,2025-04-01T05:52:32,POST,/home,HTTP/1.1,200,Chrome/112.0
192.168.0.8,2025-04-01T19:26:49,POST,/contact,HTTP/1.1,200,Safari/537.36
192.168.0.3,2025-04-01T17:38:55,GET,/contact,HTTP/1.1,404,Mozilla/5.0
192.168.0.6,2025-04-01T21:31:53,POST,/,HTTP/1.1,200,Edge/91.0
192.168.0.1,2025-04-01T07:17:11,POST,/products,HTTP/1.1,200,Opera/9.80
192.168.0.3,2025-04-01T09:55:40,GET,/contact,HTTP/1.1,500,Mozilla/5.0
192.168.0.4,2025-04-01T19:58:44,POST,/blog,HTTP/1.1,500,Edge/91.0
192.168.0.1,2025-04-01T05:40:18,POST,/contact,HTTP/1.1,404,Chrome/112.0
192.168.0.6,2025-04-01T21:17:23,POST,/home,HTTP/1.1,404,Edge/91.0
192.168.0.8,2025-04-01T04:31:43,GET,/contact,HTTP/1.1,500,Chrome/112.0
192.168.0.2,2025-04-01T05:09:41,GET,/about,HTTP/1.1,500,Safari/537.36
192.168.0.6,2025-04-01T11:14:53,GET,/about,HTTP/1.1,200,Mozilla/5.0
192.168.0.10,2025-04-01T22:30:33,GET,/contact,HTTP/1.1,200,Opera/9.80
192.168.0.10,2025-04-01T02:47:42,GET,/,HTTP/1.1,200,Opera/9.80
192.168.0.2,2025-04-01T08:24:35,GET,/home,HTTP/1.1,200,Opera/9.80
192.168.0.10,2025-04-01T01:19:44,POST,/products,HTTP/1.1,200,Chrome/112.0
192.168.0.10,2025-04-01T17:54:10,POST,/blog,HTTP/1.1,500,Chrome/112.0
192.168.0.3,2025-04-01T08:23:35,POST,/,HTTP/1.1,500,Opera/9.80
192.168.0.10,2025-04-01T01:20:12,GET,/about,HTTP/1.1,500,Mozilla/5.0
192.168.0.5,2025-04-01T11:04:19,GET,/blog,HTTP/1.1,200,Edge/91.0
192.168.0.8,2025-04-01T18:54:26,GET,/,HTTP/1.1,200,Safari/537.36
192.168.0.5,2025-04-01T04:21:53,POST,/home,HTTP/1.1,200,Chrome/112.0
192.168.0.6,2025-04-01T02:25:14,GET,/about,HTTP/1.1,404,Chrome/112.0
192.168.0.9,2025-04-01T10:12:09,GET,/blog,HTTP/1.1,500,Opera/9.80
192.168.0.5,2025-04-01T11:05:55,GET,/home,HTTP/1.1,200,Mozilla/5.0
192.168.0.3,2025-04-01T00:42:37,POST,/about,HTTP/1.1,200,Edge/91.0
192.168.0.5,2025-04-01T00:57:50,GET,/blog,HTTP/1.1,200,Chrome/112.0
192.168.0.10,2025-04-01T02:43:48,GET,/,HTTP/1.1,404,Opera/9.80
192.168.0.3,2025-04-01T06:07:38,POST,/contact,HTTP/1.1,500,Opera/9.80
