customer_id,gender,senior_citizen,partner,dependents,tenure,phone_service,multiple_lines,internet_service,monthly_charges,churn,total_charges
2477-BBBB,Male,1,Yes,No,7,No,Yes,No,51.16,Yes,348.0
7464-AAAA,Female,0,No,No,35,No,No phone service,Fiber optic,104.57,No,3668.05
5562-AAAA,Male,0,No,No,55,Yes,No phone service,No,45.96,No,2552.05
9170-AAAA,Male,0,No,No,14,No,No phone service,Fiber optic,20.16,No,273.9
7640-CCCC,Male,0,No,Yes,10,No,No phone service,No,57.64,No,590.4
3294-CCCC,Female,0,Yes,Yes,16,Yes,No,DSL,77.08,No,1236.95
5225-DDDD,Male,1,No,No,54,No,No,DSL,67.87,Yes,3665.33
5994-BBBB,Male,0,Yes,Yes,70,No,Yes,No,106.21,No,7431.26
2947-AAAA,Male,1,Yes,No,44,Yes,Yes,DSL,30.54,No,1342.93
5814-AAAA,Female,1,Yes,Yes,45,Yes,Yes,No,75.38,No,3403.6
9402-CCCC,Male,0,Yes,No,56,No,Yes,DSL,71.3,No,3981.42
9351-CCCC,Male,0,Yes,No,57,Yes,No phone service,Fiber optic,48.14,No,2741.23
4447-DDDD,Male,1,No,Yes,21,No,No,No,102.22,Yes,2159.11
5147-CCCC,Male,0,No,Yes,68,Yes,No,Fiber optic,95.28,Yes,6488.88
2815-CCCC,Female,0,No,No,50,No,Yes,Fiber optic,93.29,Yes,4653.27
4359-AAAA,Male,1,No,No,33,Yes,Yes,No,107.62,Yes,3549.63
8138-DDDD,Female,1,Yes,Yes,7,No,No phone service,Fiber optic,92.28,No,653.24
3326-BBBB,Female,0,No,Yes,70,No,No phone service,No,43.18,Yes,3029.23
8034-AAAA,Female,1,Yes,No,15,No,Yes,Fiber optic,90.56,Yes,1368.15
4556-AAAA,Male,0,No,Yes,32,Yes,No,No,50.77,Yes,1628.48
9073-DDDD,Female,0,Yes,No,20,Yes,No,No,44.22,Yes,889.92
4419-CCCC,Male,0,Yes,No,15,No,No,DSL,27.3,Yes,412.93
7102-DDDD,Female,1,No,No,48,No,Yes,No,94.4,Yes,4547.0
2410-BBBB,Female,1,Yes,No,71,Yes,No,No,91.1,No,6463.88
1223-AAAA,Female,1,Yes,Yes,21,Yes,No phone service,Fiber optic,43.45,No,912.93
5513-AAAA,Female,1,No,Yes,42,Yes,No phone service,No,94.94,Yes,3977.33
5041-CCCC,Female,1,Yes,Yes,26,Yes,Yes,DSL,111.78,No,2894.16
6414-BBBB,Female,0,No,Yes,14,Yes,No phone service,Fiber optic,30.8,No,434.45
2005-DDDD,Female,0,No,Yes,57,Yes,Yes,Fiber optic,43.26,Yes,2458.58
8902-DDDD,Female,0,No,Yes,37,No,No,DSL,95.03,Yes,3515.53
9484-AAAA,Male,0,Yes,Yes,58,Yes,No,Fiber optic,47.45,No,2768.28
3189-BBBB,Male,1,Yes,No,21,No,No,Fiber optic,82.47,No,1747.47
7040-BBBB,Female,0,Yes,Yes,69,Yes,No phone service,Fiber optic,28.12,Yes,1962.52
8240-DDDD,Female,1,No,Yes,3,Yes,Yes,Fiber optic,65.22,Yes,212.04
2311-BBBB,Female,0,Yes,No,37,No,No,DSL,93.91,No,3498.7
5435-CCCC,Male,1,No,Yes,49,No,Yes,DSL,88.65,Yes,4348.22
3958-DDDD,Female,1,No,Yes,19,Yes,No,Fiber optic,101.51,Yes,1919.66
5606-BBBB,Male,0,Yes,No,12,No,No phone service,Fiber optic,107.75,No,1283.0
3097-AAAA,Male,0,No,Yes,61,No,No phone service,DSL,97.32,No,5950.48
9853-AAAA,Male,0,Yes,Yes,41,No,Yes,DSL,87.16,No,3574.08
8204-DDDD,Male,0,Yes,Yes,33,No,No phone service,DSL,23.17,No,765.87
8958-DDDD,Male,1,Yes,No,50,Yes,No phone service,Fiber optic,73.5,Yes,3669.51
7006-CCCC,Female,0,Yes,Yes,68,No,Yes,Fiber optic,23.77,Yes,1612.07
4125-CCCC,Female,0,Yes,Yes,71,Yes,No,No,100.81,No,7161.35
9331-CCCC,Female,1,No,No,33,Yes,No phone service,DSL,52.07,Yes,1707.76
8722-BBBB,Female,0,No,Yes,24,Yes,Yes,Fiber optic,76.24,No,1832.33
3772-BBBB,Female,0,No,No,61,Yes,No phone service,DSL,47.94,No,2939.45
8023-DDDD,Male,0,Yes,No,61,No,No phone service,Fiber optic,98.25,No,5971.91
1839-DDDD,Female,0,Yes,Yes,28,No,No phone service,DSL,108.65,Yes,3026.79
7288-DDDD,Female,0,Yes,No,58,Yes,No phone service,Fiber optic,59.86,No,3478.64
7089-BBBB,Male,1,No,No,43,Yes,Yes,No,106.29,No,4584.11
6602-CCCC,Female,0,Yes,Yes,41,Yes,Yes,No,46.71,No,1910.21
1852-DDDD,Male,0,No,No,39,Yes,Yes,DSL,73.47,Yes,2845.35
4722-BBBB,Female,0,No,No,49,No,No phone service,Fiber optic,105.88,Yes,5202.44
7180-AAAA,Male,0,Yes,Yes,17,Yes,No phone service,Fiber optic,52.59,Yes,885.92
1759-DDDD,Female,0,Yes,Yes,70,No,No phone service,DSL,115.4,No,8074.39
8772-BBBB,Female,1,No,Yes,70,Yes,Yes,Fiber optic,32.19,No,2256.49
1741-BBBB,Male,0,Yes,No,65,Yes,No phone service,DSL,21.83,No,1412.29
5547-AAAA,Male,1,No,Yes,5,Yes,No,Fiber optic,110.41,No,543.29
5967-CCCC,Male,1,Yes,No,2,Yes,No phone service,DSL,26.86,Yes,45.14
9984-AAAA,Male,0,Yes,No,22,No,No,Fiber optic,119.19,No,2640.76
1722-BBBB,Male,0,No,No,57,No,No phone service,DSL,115.14,Yes,6574.58
8383-DDDD,Male,0,Yes,No,66,No,Yes,Fiber optic,33.7,No,2229.95
2887-AAAA,Male,0,No,No,16,Yes,No phone service,No,73.76,No,1158.3
4753-DDDD,Male,1,Yes,No,51,Yes,No,Fiber optic,38.49,No,1968.77
4368-DDDD,Female,0,No,No,39,No,No,DSL,62.82,No,2455.22
8503-DDDD,Female,0,No,Yes,40,No,No phone service,No,26.14,Yes,1032.82
2944-DDDD,Male,0,Yes,Yes,38,Yes,No,Fiber optic,42.39,Yes,1613.41
9248-CCCC,Female,0,No,No,60,Yes,No,No,56.33,No,3390.31
8119-CCCC,Female,0,Yes,No,59,No,Yes,Fiber optic,63.86,No,3773.43
3380-BBBB,Female,0,Yes,Yes,10,Yes,No phone service,No,117.75,Yes,1170.7
1564-BBBB,Female,1,Yes,No,64,Yes,No phone service,DSL,100.79,Yes,6450.69
9499-DDDD,Male,1,No,Yes,63,No,No phone service,Fiber optic,93.74,No,5912.92
1322-DDDD,Female,0,No,Yes,49,Yes,No,Fiber optic,73.7,Yes,3611.89
1369-BBBB,Male,0,Yes,Yes,64,No,No phone service,DSL,104.0,No,6668.54
9876-CCCC,Female,0,Yes,No,32,Yes,No phone service,No,53.93,No,1729.72
5008-AAAA,Female,1,No,No,7,No,Yes,DSL,90.89,Yes,643.76
5681-CCCC,Female,0,Yes,Yes,21,Yes,Yes,DSL,119.38,Yes,2515.19
2224-CCCC,Male,1,Yes,Yes,20,No,Yes,No,51.46,No,1018.53
9845-DDDD,Female,0,No,Yes,26,No,No,DSL,87.4,No,2272.9
5616-AAAA,Male,0,Yes,Yes,68,No,No phone service,Fiber optic,104.43,No,7097.92
5927-DDDD,Female,0,No,Yes,15,No,Yes,Fiber optic,111.58,No,1684.14
3600-BBBB,Male,0,Yes,No,14,Yes,Yes,Fiber optic,91.79,Yes,1289.69
8099-AAAA,Female,1,No,Yes,27,Yes,Yes,DSL,48.36,No,1303.84
1848-AAAA,Male,1,Yes,No,40,No,No phone service,Fiber optic,52.63,No,2092.38
7053-DDDD,Male,0,Yes,Yes,58,Yes,No phone service,Fiber optic,22.08,Yes,1264.67
5978-BBBB,Female,0,No,No,28,Yes,No phone service,Fiber optic,96.09,No,2693.62
5010-DDDD,Male,1,Yes,No,26,Yes,No,Fiber optic,24.27,Yes,623.85
7565-CCCC,Female,1,No,No,63,Yes,No,Fiber optic,106.47,Yes,6714.27
3606-BBBB,Female,1,Yes,No,66,Yes,Yes,Fiber optic,31.87,Yes,2086.99
4271-DDDD,Female,1,No,No,25,No,No phone service,DSL,37.19,No,945.68
8196-BBBB,Female,0,No,No,3,No,Yes,Fiber optic,67.65,No,209.59
2225-BBBB,Female,1,No,Yes,72,No,No phone service,Fiber optic,93.79,No,6753.87
3171-AAAA,Female,0,No,No,44,No,No phone service,No,33.9,No,1508.43
4394-AAAA,Female,1,Yes,Yes,42,Yes,No phone service,DSL,64.01,No,2697.9
1922-BBBB,Female,1,Yes,No,6,Yes,No,DSL,68.29,Yes,404.99
9152-DDDD,Female,1,No,No,39,No,No,DSL,41.23,Yes,1608.75
3966-DDDD,Female,1,No,Yes,52,Yes,No phone service,DSL,31.56,Yes,1621.48
5188-AAAA,Female,1,No,No,23,Yes,Yes,Fiber optic,103.64,Yes,2394.36
4898-DDDD,Male,0,Yes,Yes,50,No,No phone service,Fiber optic,70.25,No,3509.54
7342-BBBB,Male,0,Yes,Yes,43,Yes,No phone service,No,21.44,No,902.15
8577-BBBB,Female,1,Yes,Yes,19,No,Yes,No,100.3,No,1893.88
1271-BBBB,Female,1,Yes,Yes,69,No,No phone service,DSL,118.08,Yes,8156.23
5751-AAAA,Female,0,No,No,51,Yes,Yes,No,80.59,No,4126.23
2812-DDDD,Female,1,No,No,11,Yes,No,No,70.37,No,774.27
1166-BBBB,Female,1,No,Yes,12,No,No,DSL,107.84,Yes,1284.26
4835-BBBB,Female,0,Yes,No,8,No,Yes,DSL,115.25,No,907.79
4263-DDDD,Female,1,Yes,No,24,Yes,No,No,95.45,No,2304.95
2525-AAAA,Female,1,Yes,Yes,41,No,No,Fiber optic,64.55,No,2651.04
3787-AAAA,Male,0,No,No,36,No,Yes,No,79.22,No,2848.62
4779-DDDD,Female,0,No,Yes,72,No,No,No,90.09,No,6480.8
2557-CCCC,Male,0,Yes,Yes,55,Yes,No phone service,Fiber optic,39.43,Yes,2175.37
4308-CCCC,Female,1,No,No,9,No,No phone service,Fiber optic,64.72,No,588.92
1748-AAAA,Female,0,Yes,No,47,Yes,Yes,DSL,102.98,Yes,4831.09
7211-BBBB,Male,0,Yes,No,15,No,No,DSL,85.47,Yes,1270.63
6817-BBBB,Female,0,No,Yes,48,Yes,No phone service,No,61.12,No,2922.84
9512-CCCC,Male,0,Yes,Yes,42,No,No phone service,Fiber optic,86.34,No,3621.6
1472-BBBB,Female,0,No,No,60,Yes,No,DSL,31.82,No,1902.3
7362-BBBB,Female,0,Yes,No,70,Yes,No,No,60.15,No,4226.68
3532-DDDD,Male,1,No,No,12,Yes,No phone service,Fiber optic,99.31,No,1186.68
1429-AAAA,Female,1,No,No,2,No,No phone service,No,42.05,No,71.6
1491-DDDD,Male,0,No,Yes,7,No,Yes,DSL,38.6,No,258.27
6319-AAAA,Female,0,Yes,No,3,No,Yes,DSL,115.08,Yes,343.4
5416-CCCC,Male,0,Yes,Yes,3,Yes,No phone service,Fiber optic,40.99,No,104.75
1183-DDDD,Male,1,No,Yes,27,No,Yes,No,46.09,Yes,1243.83
7713-CCCC,Female,1,No,No,40,Yes,No phone service,Fiber optic,116.96,No,4665.04
4502-CCCC,Female,1,Yes,No,33,No,No phone service,DSL,93.47,Yes,3096.1
3055-BBBB,Male,1,Yes,No,1,Yes,Yes,DSL,89.96,No,91.13
4991-CCCC,Female,1,Yes,Yes,8,Yes,Yes,No,105.29,Yes,863.53
6940-DDDD,Female,1,No,No,32,Yes,No,No,31.58,No,1008.28
7850-BBBB,Female,1,Yes,No,48,No,No,No,90.6,No,4317.48
1967-AAAA,Male,1,Yes,Yes,4,No,No,Fiber optic,70.37,Yes,296.06
2831-CCCC,Male,1,No,No,70,No,No phone service,No,102.92,No,7209.42
1480-DDDD,Male,0,Yes,Yes,19,Yes,Yes,No,70.81,No,1351.96
4521-CCCC,Male,0,Yes,No,32,Yes,No phone service,DSL,82.02,No,2614.61
6306-CCCC,Male,0,Yes,Yes,9,No,Yes,DSL,67.77,Yes,609.5
5565-CCCC,Male,0,No,No,12,No,No phone service,No,67.82,No,815.7
5843-AAAA,Male,1,No,No,11,No,No,No,96.8,No,1062.42
7894-DDDD,Male,1,No,Yes,46,Yes,No,DSL,82.86,No,3794.22
1539-BBBB,Male,0,No,Yes,16,Yes,No,No,83.33,Yes,1360.97
5585-BBBB,Female,1,No,No,1,Yes,No phone service,Fiber optic,65.03,No,73.39
3661-CCCC,Male,0,No,Yes,63,Yes,Yes,Fiber optic,73.11,No,4610.14
1827-AAAA,Female,1,No,Yes,21,Yes,Yes,Fiber optic,94.57,No,1999.11
1938-CCCC,Female,0,Yes,Yes,30,No,No,No,102.59,No,3084.14
3730-DDDD,Female,1,Yes,Yes,13,Yes,No,DSL,89.66,No,1158.81
8980-AAAA,Male,1,No,No,34,Yes,No,No,112.41,Yes,3834.44
3196-DDDD,Male,0,Yes,No,4,Yes,No,No,102.03,No,416.64
9903-BBBB,Male,1,Yes,Yes,28,Yes,Yes,DSL,76.19,No,2126.93
6861-CCCC,Male,0,No,Yes,59,Yes,No phone service,DSL,87.14,Yes,5149.16
3735-DDDD,Female,0,Yes,Yes,27,No,No phone service,DSL,112.63,No,3038.6
9576-CCCC,Male,0,Yes,Yes,69,Yes,No phone service,Fiber optic,81.92,Yes,5654.56
3944-AAAA,Male,0,Yes,No,25,Yes,No phone service,No,102.48,No,2568.0
7630-DDDD,Male,1,Yes,No,3,Yes,No,DSL,88.88,No,280.32
7895-DDDD,Male,1,Yes,Yes,68,No,No,No,75.19,Yes,5106.46
1706-CCCC,Male,1,No,Yes,25,No,No,Fiber optic,44.18,No,1108.15
6011-CCCC,Female,0,No,Yes,20,No,No phone service,Fiber optic,62.6,No,1272.16
2072-CCCC,Male,1,No,No,34,Yes,No,DSL,116.77,Yes,3968.42
7961-AAAA,Female,0,Yes,Yes,26,No,No,DSL,85.78,No,2232.25
1304-BBBB,Male,1,No,No,5,Yes,Yes,No,76.44,No,402.34
2097-DDDD,Female,1,Yes,Yes,61,Yes,Yes,DSL,113.3,No,6917.67
2552-CCCC,Male,1,Yes,No,9,No,No,No,78.65,Yes,693.11
5373-DDDD,Male,0,Yes,Yes,50,Yes,Yes,DSL,72.61,No,3622.55
2644-BBBB,Female,1,Yes,No,6,Yes,Yes,No,95.93,Yes,582.48
9286-DDDD,Female,1,No,Yes,60,Yes,No,No,91.27,No,5480.43
6420-BBBB,Female,0,No,Yes,44,No,No,No,39.32,Yes,1731.71
7929-DDDD,Male,1,Yes,Yes,11,Yes,No,No,67.13,No,760.04
2000-CCCC,Female,0,No,No,66,Yes,No,Fiber optic,67.25,No,4432.33
1594-DDDD,Male,1,Yes,Yes,47,No,No phone service,No,57.82,No,2716.8
8567-DDDD,Male,0,No,No,3,Yes,No phone service,DSL,71.73,No,195.56
7183-BBBB,Female,0,No,No,30,Yes,No,Fiber optic,61.31,Yes,1850.91
1758-BBBB,Female,1,Yes,Yes,21,No,Yes,Fiber optic,39.93,Yes,830.54
7580-AAAA,Male,0,No,Yes,28,Yes,No,No,61.24,No,1725.29
8432-BBBB,Male,0,Yes,Yes,62,Yes,No,Fiber optic,27.23,No,1697.78
8346-AAAA,Female,0,No,No,33,Yes,Yes,No,77.58,Yes,2583.63
5501-DDDD,Female,0,Yes,Yes,35,Yes,No phone service,DSL,105.37,No,3694.44
3989-DDDD,Female,0,Yes,No,52,Yes,No,No,92.53,No,4808.0
9402-BBBB,Male,0,No,No,34,No,No,Fiber optic,56.04,No,1909.9
9739-AAAA,Male,1,No,Yes,41,No,No phone service,DSL,28.71,Yes,1169.52
2032-DDDD,Male,0,Yes,Yes,51,No,No phone service,No,40.21,Yes,2053.9
1388-AAAA,Male,0,No,Yes,47,No,Yes,DSL,74.55,Yes,3501.84
4983-CCCC,Male,1,No,Yes,58,Yes,No phone service,DSL,40.71,No,2360.48
2383-AAAA,Male,1,Yes,Yes,57,Yes,No phone service,Fiber optic,74.4,No,4231.82
2973-CCCC,Female,1,Yes,Yes,23,Yes,No phone service,DSL,43.16,No,995.68
5706-CCCC,Male,1,No,No,48,Yes,Yes,Fiber optic,104.89,No,5042.96
8344-BBBB,Male,1,Yes,No,22,Yes,No phone service,DSL,59.73,No,1297.54
6047-AAAA,Male,1,Yes,No,17,No,No phone service,No,44.56,No,750.63
2171-AAAA,Female,1,Yes,Yes,69,No,Yes,DSL,101.23,No,6986.55
9033-BBBB,Male,0,No,No,11,Yes,No phone service,No,54.28,Yes,573.61
6868-CCCC,Male,0,No,No,15,Yes,No phone service,No,31.15,No,484.65
5622-DDDD,Female,1,Yes,No,35,Yes,Yes,DSL,77.04,No,2689.29
3521-AAAA,Male,0,No,No,33,No,No,No,78.16,Yes,2569.9
5856-DDDD,Male,0,Yes,No,16,Yes,Yes,DSL,91.47,No,1461.45
9935-AAAA,Male,0,No,Yes,34,Yes,No phone service,DSL,44.02,Yes,1498.05
9707-CCCC,Male,1,Yes,Yes,66,Yes,No phone service,No,64.38,No,4241.52
1134-AAAA,Male,1,Yes,No,40,No,No phone service,No,48.24,No,1939.4
3583-CCCC,Female,0,No,No,28,Yes,Yes,Fiber optic,28.1,No,790.8
9365-DDDD,Female,1,Yes,No,47,No,No phone service,No,107.66,No,5051.65
2385-CCCC,Female,0,No,Yes,39,No,No phone service,Fiber optic,92.89,Yes,3617.49
5523-CCCC,Male,0,No,Yes,70,No,Yes,No,50.15,No,3495.33
1532-CCCC,Male,0,Yes,No,20,No,No,DSL,79.94,Yes,1586.27
5775-DDDD,Male,0,Yes,Yes,1,No,No,No,40.13,No,44.01
7203-CCCC,Female,1,No,Yes,72,No,No phone service,DSL,109.02,No,7841.17
8094-AAAA,Male,1,Yes,No,63,Yes,Yes,DSL,31.49,No,2001.91
7626-CCCC,Male,1,Yes,Yes,67,Yes,No phone service,DSL,20.38,No,1366.17
4617-BBBB,Female,0,Yes,Yes,4,Yes,Yes,Fiber optic,70.2,No,267.27
3271-DDDD,Male,1,Yes,No,58,No,Yes,No,78.31,No,4530.55
2011-BBBB,Female,0,Yes,Yes,25,Yes,No,DSL,77.9,No,1958.03
7645-CCCC,Female,1,No,Yes,47,No,No,DSL,25.45,No,1195.38
9852-BBBB,Female,0,No,No,38,No,Yes,Fiber optic,51.4,Yes,1963.12
7816-CCCC,Male,0,Yes,Yes,15,No,No phone service,No,69.92,No,1045.14
6455-CCCC,Male,0,Yes,Yes,63,Yes,No,No,41.66,No,2618.98
4594-DDDD,Male,1,Yes,No,21,No,No phone service,Fiber optic,107.26,Yes,2263.65
5356-DDDD,Male,1,No,No,57,No,No,Fiber optic,28.71,No,1627.88
7147-CCCC,Male,1,Yes,No,53,Yes,No,No,68.74,Yes,3648.11
8652-DDDD,Male,1,No,Yes,46,Yes,No phone service,Fiber optic,89.14,No,4098.32
5031-DDDD,Male,0,No,No,14,No,No,No,46.18,Yes,655.31
2187-AAAA,Female,1,No,Yes,17,No,No,No,82.42,No,1419.32
9345-DDDD,Male,1,Yes,No,39,Yes,No phone service,DSL,102.94,Yes,4010.74
7371-DDDD,Female,0,No,Yes,9,Yes,No,DSL,39.03,No,345.8
8653-AAAA,Male,0,Yes,No,6,Yes,No,No,111.72,No,676.98
6334-CCCC,Male,0,No,No,23,No,No,No,75.36,No,1722.46
4672-DDDD,Male,1,Yes,No,59,Yes,No phone service,No,49.92,No,2961.44
3418-BBBB,Female,0,No,No,46,Yes,Yes,No,63.09,No,2916.6
4428-AAAA,Female,0,Yes,Yes,38,Yes,No phone service,No,51.22,Yes,1936.37
7262-BBBB,Female,0,No,No,14,No,Yes,No,92.51,Yes,1279.31
1169-BBBB,Female,1,Yes,No,72,Yes,No,Fiber optic,99.63,No,7161.75
5278-AAAA,Male,0,Yes,Yes,62,Yes,Yes,No,103.29,No,6392.53
6624-BBBB,Female,1,Yes,No,35,Yes,No phone service,Fiber optic,118.58,Yes,4158.32
1878-AAAA,Male,1,Yes,Yes,19,Yes,No phone service,Fiber optic,99.13,No,1898.96
2383-CCCC,Male,0,No,No,30,Yes,No,No,80.14,Yes,2412.1
1436-CCCC,Female,0,No,No,25,No,Yes,No,53.92,Yes,1345.64
5356-BBBB,Female,1,Yes,No,40,No,No,Fiber optic,74.46,No,2981.82
2299-AAAA,Female,0,No,Yes,14,No,No,Fiber optic,24.11,No,328.84
5464-CCCC,Female,0,Yes,No,26,Yes,No phone service,No,94.48,No,2467.45
6676-BBBB,Female,1,Yes,No,22,No,Yes,No,64.6,No,1425.52
5853-DDDD,Female,1,No,No,48,No,Yes,Fiber optic,22.0,No,1063.73
3027-CCCC,Female,0,Yes,Yes,51,No,Yes,Fiber optic,26.25,No,1331.47
1578-BBBB,Female,1,Yes,Yes,3,Yes,Yes,Fiber optic,58.75,Yes,174.56
6088-CCCC,Male,0,No,No,42,Yes,No,DSL,78.34,Yes,3297.53
2509-CCCC,Female,0,Yes,Yes,19,No,No,Fiber optic,66.42,No,1276.42
5814-CCCC,Female,0,Yes,No,28,No,No phone service,DSL,81.92,No,2287.68
6435-CCCC,Male,1,Yes,No,45,Yes,No,No,68.03,No,3069.15
9878-CCCC,Female,0,Yes,No,71,Yes,No,No,86.17,Yes,6110.95
7222-AAAA,Male,0,No,No,63,No,No phone service,Fiber optic,41.91,Yes,2661.5
5609-BBBB,Male,0,No,No,19,Yes,No phone service,No,31.28,No,590.17
2987-BBBB,Female,1,No,No,47,No,No phone service,No,79.64,Yes,3749.52
4341-BBBB,Male,1,Yes,No,14,Yes,No,No,68.47,No,960.24
1755-CCCC,Male,1,Yes,Yes,38,No,No,No,22.69,Yes,888.27
2888-AAAA,Male,1,No,Yes,53,No,No phone service,DSL,58.05,Yes,3078.95
3259-CCCC,Male,1,Yes,Yes,61,Yes,No phone service,DSL,30.61,No,1862.06
6779-CCCC,Female,0,Yes,Yes,36,No,No phone service,Fiber optic,73.14,No,2639.44
3355-BBBB,Male,1,Yes,Yes,40,No,No,Fiber optic,59.58,No,2389.37
7475-CCCC,Female,1,Yes,Yes,30,No,No,Fiber optic,81.32,Yes,2438.03
2354-AAAA,Male,1,No,Yes,9,Yes,Yes,No,100.56,No,894.09
6376-CCCC,Male,0,No,No,64,Yes,No,No,49.97,Yes,3192.8
3352-AAAA,Male,1,No,No,33,Yes,No,DSL,116.21,No,3843.74
8646-AAAA,Male,1,Yes,No,52,No,No,DSL,73.56,No,3807.65
1519-BBBB,Female,0,No,No,14,Yes,No phone service,Fiber optic,81.83,Yes,1143.14
5768-AAAA,Female,1,No,Yes,53,No,No,DSL,88.07,No,4677.66
2855-BBBB,Male,0,Yes,Yes,59,No,No phone service,DSL,86.67,Yes,5112.6
3348-BBBB,Male,0,Yes,No,41,Yes,Yes,DSL,71.1,No,2936.84
7714-DDDD,Female,0,No,No,68,Yes,Yes,DSL,62.88,No,4258.39
2003-CCCC,Male,0,No,Yes,68,No,No phone service,DSL,25.38,No,1716.23
5067-DDDD,Male,0,No,No,8,No,No phone service,Fiber optic,22.21,Yes,154.53
5152-CCCC,Male,1,No,No,2,Yes,No phone service,Fiber optic,55.8,No,131.54
3874-DDDD,Female,0,Yes,No,41,Yes,No,DSL,53.37,No,2178.72
5402-DDDD,Female,0,No,No,55,Yes,Yes,Fiber optic,58.77,No,3212.48
6569-AAAA,Female,1,No,Yes,16,No,No phone service,No,33.84,No,535.32
1510-CCCC,Male,0,Yes,No,62,No,No,DSL,93.82,Yes,5802.91
8097-BBBB,Male,1,No,No,48,No,Yes,No,105.7,No,5067.55
3798-DDDD,Female,1,Yes,Yes,30,No,No,Fiber optic,113.87,Yes,3416.51
9543-CCCC,Female,1,Yes,Yes,12,No,Yes,Fiber optic,69.24,Yes,838.93
4487-AAAA,Female,0,Yes,No,35,Yes,No,No,90.09,No,3151.4
2373-BBBB,Female,0,No,Yes,11,Yes,Yes,Fiber optic,105.56,No,1161.41
2693-AAAA,Male,0,No,No,64,No,Yes,DSL,61.83,No,3951.3
2064-BBBB,Female,1,Yes,No,50,No,No,No,50.94,No,2531.88
6392-DDDD,Male,0,No,Yes,21,Yes,No phone service,DSL,113.67,No,2368.6
8055-AAAA,Female,0,No,No,69,Yes,Yes,No,71.57,No,4934.69
3300-BBBB,Male,0,Yes,No,48,Yes,No phone service,Fiber optic,69.73,No,3347.89
7056-CCCC,Female,1,Yes,No,20,Yes,No,No,37.84,Yes,752.41
3863-AAAA,Female,1,No,No,67,No,No phone service,No,30.82,No,2046.85
6610-CCCC,Female,0,Yes,Yes,44,Yes,No phone service,DSL,104.21,Yes,4587.25
2321-CCCC,Female,0,No,Yes,33,No,No phone service,Fiber optic,81.41,No,2702.82
2282-BBBB,Male,0,No,No,61,Yes,No phone service,DSL,52.58,No,3206.23
2068-DDDD,Female,0,No,Yes,9,Yes,No phone service,Fiber optic,39.17,No,346.73
6651-AAAA,Male,1,No,No,68,Yes,Yes,DSL,75.55,No,5136.8
9246-BBBB,Male,1,Yes,No,35,No,Yes,No,78.39,Yes,2732.61
6753-AAAA,Male,1,Yes,No,65,No,Yes,DSL,40.7,No,2633.81
3278-BBBB,Male,1,Yes,No,8,Yes,No,Fiber optic,105.14,Yes,845.63
4615-DDDD,Female,0,Yes,No,45,No,No phone service,Fiber optic,28.43,No,1289.25
4714-DDDD,Male,0,No,Yes,47,No,Yes,No,55.61,No,2612.2
9145-BBBB,Male,0,No,No,40,Yes,No,Fiber optic,88.04,No,3501.86
6936-AAAA,Male,1,Yes,Yes,54,Yes,Yes,DSL,47.41,Yes,2563.67
9705-BBBB,Female,0,No,Yes,46,No,Yes,No,102.77,Yes,4748.09
9031-AAAA,Female,1,No,No,47,No,No phone service,Fiber optic,93.99,Yes,4415.09
9704-CCCC,Female,1,No,No,15,No,No,Fiber optic,98.9,No,1481.72
1741-DDDD,Female,0,Yes,No,19,Yes,No phone service,DSL,31.91,No,597.56
5169-AAAA,Male,0,Yes,No,26,Yes,No phone service,DSL,34.05,Yes,890.11
1288-AAAA,Male,0,Yes,No,52,No,Yes,No,48.65,No,2523.09
1016-CCCC,Female,1,No,Yes,22,Yes,No phone service,Fiber optic,71.81,No,1590.04
2490-BBBB,Male,0,Yes,No,21,Yes,No,DSL,94.8,No,1984.22
5994-AAAA,Male,1,Yes,No,51,No,No phone service,No,103.65,No,5289.57
6171-DDDD,Male,0,Yes,Yes,38,No,No phone service,Fiber optic,90.43,No,3435.88
5039-BBBB,Female,1,Yes,Yes,20,Yes,No phone service,Fiber optic,112.86,Yes,2272.75
2898-BBBB,Female,1,Yes,No,29,Yes,Yes,No,93.87,Yes,2726.32
1417-DDDD,Male,0,Yes,Yes,51,No,No,No,50.63,Yes,2596.0
7556-AAAA,Female,1,No,No,4,Yes,Yes,DSL,46.51,No,187.13
2204-CCCC,Female,1,No,Yes,55,Yes,Yes,Fiber optic,89.62,No,4927.39
2809-DDDD,Female,0,Yes,Yes,71,No,Yes,Fiber optic,39.29,No,2789.21
1091-CCCC,Female,1,Yes,No,28,No,Yes,Fiber optic,29.27,Yes,811.85
2013-DDDD,Female,0,No,Yes,4,Yes,Yes,No,73.22,No,298.2
7177-AAAA,Male,1,No,Yes,22,Yes,No,DSL,102.16,Yes,2240.62
9960-DDDD,Female,0,Yes,Yes,45,Yes,No phone service,Fiber optic,30.14,Yes,1357.42
1256-CCCC,Male,0,Yes,Yes,67,No,Yes,No,99.19,No,6654.28
1913-BBBB,Male,1,Yes,Yes,66,Yes,Yes,Fiber optic,101.16,No,6692.4
3899-AAAA,Female,1,Yes,Yes,34,Yes,No,DSL,68.23,No,2321.45
7094-DDDD,Male,1,No,No,55,No,No,Fiber optic,25.73,No,1423.76
8383-BBBB,Male,1,Yes,No,1,No,No phone service,DSL,37.46,Yes,44.88
1754-BBBB,Male,1,Yes,Yes,72,Yes,No,DSL,90.74,Yes,6529.46
4100-AAAA,Female,0,Yes,No,38,No,No phone service,Fiber optic,91.18,No,3485.92
8690-DDDD,Female,1,Yes,No,6,No,Yes,Fiber optic,109.84,No,653.28
9462-CCCC,Male,0,No,No,25,Yes,Yes,DSL,78.27,No,1957.66
4069-AAAA,Female,0,No,Yes,17,No,No phone service,No,32.41,No,565.51
6451-DDDD,Female,1,No,No,61,No,No,DSL,32.14,No,1974.83
5237-CCCC,Female,0,Yes,Yes,12,Yes,No phone service,Fiber optic,92.11,Yes,1105.46
2634-DDDD,Female,0,Yes,No,6,No,No,Fiber optic,38.38,Yes,240.18
7885-DDDD,Male,0,No,Yes,27,Yes,Yes,No,52.84,No,1424.44
5021-DDDD,Male,0,Yes,Yes,8,Yes,No,DSL,68.72,Yes,544.87
6985-CCCC,Female,1,Yes,No,65,No,No phone service,DSL,22.48,No,1449.07
7451-CCCC,Female,0,No,No,57,No,No phone service,DSL,44.88,No,2565.4
1419-CCCC,Male,1,No,Yes,40,No,Yes,Fiber optic,60.79,No,2439.89
5050-BBBB,Male,1,No,No,14,Yes,No,DSL,47.96,Yes,665.76
5842-DDDD,Female,0,No,No,35,No,No,No,33.64,Yes,1180.08
5944-DDDD,Male,1,Yes,No,48,Yes,No,Fiber optic,92.8,No,4480.91
6627-DDDD,Female,1,Yes,Yes,56,No,Yes,Fiber optic,101.31,No,5684.83
8998-DDDD,Female,1,No,Yes,49,No,No,DSL,45.75,No,2232.74
9417-DDDD,Male,0,Yes,No,13,No,No phone service,No,97.44,No,1276.74
8258-BBBB,Male,1,No,No,61,Yes,No,Fiber optic,58.56,No,3563.19
9879-BBBB,Female,1,No,No,49,No,Yes,Fiber optic,70.67,No,3433.88
9265-DDDD,Female,1,Yes,Yes,46,No,No,DSL,105.6,No,4857.4
3510-DDDD,Male,0,No,Yes,62,Yes,No,DSL,95.0,No,5905.63
3038-BBBB,Female,1,Yes,No,8,Yes,No phone service,No,100.51,No,818.05
5328-AAAA,Male,0,Yes,No,43,No,No,DSL,33.68,Yes,1452.01
1716-CCCC,Female,0,Yes,No,20,No,No phone service,No,26.97,No,533.98
8316-BBBB,Male,0,Yes,No,39,No,No phone service,Fiber optic,109.34,No,4269.12
9347-DDDD,Male,0,No,No,49,Yes,Yes,No,58.78,No,2877.53
1334-CCCC,Male,0,Yes,No,64,Yes,No phone service,No,48.79,No,3117.42
8997-BBBB,Female,0,No,Yes,62,Yes,No phone service,No,92.47,No,5743.76
2709-AAAA,Female,1,No,No,54,Yes,Yes,Fiber optic,103.64,No,5591.3
6240-DDDD,Male,0,No,Yes,9,No,No phone service,DSL,106.25,No,967.52
3381-BBBB,Female,1,No,No,37,Yes,Yes,Fiber optic,51.6,No,1903.28
3361-CCCC,Male,1,Yes,No,49,Yes,No,DSL,105.22,No,5176.36
8178-BBBB,Male,0,Yes,Yes,41,Yes,Yes,No,24.09,No,971.28
6682-DDDD,Female,1,No,Yes,17,No,No phone service,No,24.97,No,414.92
2337-DDDD,Female,1,No,Yes,21,No,Yes,No,82.35,Yes,1727.8
2880-DDDD,Male,1,Yes,Yes,51,Yes,No phone service,No,26.31,No,1321.97
9321-DDDD,Female,1,No,No,59,Yes,No,No,52.46,Yes,3069.43
8867-BBBB,Female,0,Yes,Yes,39,No,Yes,DSL,87.28,No,3384.17
5694-CCCC,Male,1,No,No,55,No,No,DSL,53.73,Yes,2952.23
9103-CCCC,Male,0,Yes,Yes,41,No,No phone service,No,37.96,No,1553.69
2086-BBBB,Female,1,No,No,39,No,No phone service,Fiber optic,48.14,No,1880.79
1218-CCCC,Male,1,No,No,13,No,No,Fiber optic,65.76,Yes,852.91
9202-BBBB,Male,0,Yes,No,64,No,Yes,No,67.54,Yes,4325.56
7067-AAAA,Female,1,No,No,11,No,Yes,DSL,98.3,Yes,1076.8
4085-AAAA,Male,1,No,No,19,No,No phone service,Fiber optic,95.02,No,1812.53
7501-AAAA,Male,1,Yes,No,11,Yes,No,Fiber optic,65.68,No,728.42
5156-DDDD,Female,0,No,Yes,46,Yes,No,Fiber optic,104.57,Yes,4806.95
8744-BBBB,Female,1,Yes,No,45,Yes,Yes,No,31.42,Yes,1419.23
4977-DDDD,Male,0,Yes,Yes,1,Yes,Yes,Fiber optic,45.54,No,43.63
4341-DDDD,Male,1,No,Yes,40,Yes,Yes,Fiber optic,102.8,Yes,4096.78
3288-BBBB,Female,0,No,No,19,Yes,No,Fiber optic,57.8,No,1107.24
2130-CCCC,Female,0,No,Yes,72,No,Yes,Fiber optic,118.12,Yes,8495.57
6901-BBBB,Female,1,No,No,72,No,Yes,DSL,66.63,No,4806.3
5682-AAAA,Female,1,No,Yes,61,Yes,No phone service,No,99.19,Yes,6053.83
7661-CCCC,Male,0,No,No,12,Yes,Yes,No,60.23,No,721.91
4430-AAAA,Female,0,No,Yes,61,No,Yes,DSL,62.5,Yes,3793.73
9331-BBBB,Female,1,Yes,No,33,No,No,DSL,58.29,No,1938.97
4011-BBBB,Male,0,No,No,45,No,No,No,91.91,No,4132.32
5465-CCCC,Female,1,Yes,No,69,Yes,No phone service,Fiber optic,74.75,No,5164.1
9279-CCCC,Male,1,No,No,8,No,Yes,Fiber optic,114.38,No,913.9
4613-DDDD,Female,1,No,Yes,25,Yes,No phone service,No,45.09,No,1124.54
6552-CCCC,Female,1,Yes,No,46,Yes,No,Fiber optic,30.06,No,1384.69
9682-BBBB,Female,0,No,Yes,30,No,No phone service,DSL,59.33,No,1780.17
9363-CCCC,Male,1,No,Yes,47,No,No,Fiber optic,81.67,Yes,3835.82
2291-BBBB,Male,0,Yes,Yes,49,Yes,No phone service,Fiber optic,106.08,No,5197.37
9553-BBBB,Female,1,No,No,47,No,No phone service,Fiber optic,54.62,No,2571.41
2108-CCCC,Male,0,No,Yes,18,No,Yes,No,85.38,Yes,1541.82
3953-BBBB,Male,1,No,Yes,66,Yes,No phone service,DSL,55.02,Yes,3631.75
6848-BBBB,Male,0,Yes,Yes,68,No,Yes,Fiber optic,81.72,Yes,5563.17
2226-AAAA,Male,0,No,No,33,Yes,Yes,No,108.48,No,3575.6
8968-BBBB,Male,1,No,No,36,Yes,Yes,Fiber optic,43.14,Yes,1575.29
7669-DDDD,Male,1,No,Yes,19,No,Yes,DSL,60.42,Yes,1162.84
4175-AAAA,Female,1,No,No,28,Yes,No phone service,Fiber optic,119.33,Yes,3348.86
4118-CCCC,Female,1,Yes,No,40,Yes,No,DSL,106.86,No,4254.98
4011-AAAA,Male,0,Yes,Yes,15,No,No,Fiber optic,76.46,No,1152.96
1792-CCCC,Female,1,No,Yes,41,No,No,DSL,71.66,No,2934.69
4720-AAAA,Female,0,No,No,39,No,No phone service,Fiber optic,48.46,Yes,1880.15
9192-DDDD,Female,0,Yes,Yes,2,Yes,Yes,DSL,71.72,Yes,139.82
7758-AAAA,Female,1,Yes,No,63,Yes,No,Fiber optic,104.82,No,6594.98
9577-AAAA,Male,0,No,No,29,No,No phone service,Fiber optic,88.52,No,2572.15
1401-DDDD,Female,0,Yes,No,66,Yes,Yes,No,49.0,No,3250.16
1779-CCCC,Female,0,No,No,51,No,No,No,40.15,Yes,2055.91
2267-DDDD,Male,0,Yes,No,10,No,Yes,DSL,46.52,No,492.83
5469-AAAA,Male,1,Yes,No,14,Yes,No,Fiber optic,36.98,No,502.18
3420-DDDD,Female,1,Yes,Yes,51,No,No,DSL,29.56,Yes,1502.5
3134-BBBB,Female,1,Yes,Yes,39,Yes,No,No,61.91,Yes,2405.06
9253-AAAA,Female,1,No,No,28,Yes,Yes,DSL,31.33,No,889.53
2434-AAAA,Female,0,Yes,No,3,No,No phone service,DSL,37.19,No,109.36
6586-DDDD,Female,0,Yes,No,70,Yes,Yes,No,74.73,No,5233.0
3877-DDDD,Female,1,No,Yes,27,No,No,Fiber optic,36.46,No,990.76
6717-CCCC,Male,1,Yes,No,2,Yes,Yes,DSL,26.39,No,38.23
6235-CCCC,Female,1,Yes,Yes,38,Yes,No phone service,No,51.74,Yes,1959.91
7894-DDDD,Female,0,No,No,3,Yes,Yes,Fiber optic,42.03,No,136.06
6721-BBBB,Male,1,Yes,No,16,No,No phone service,No,71.53,No,1139.0
7298-BBBB,Male,1,No,Yes,40,Yes,No phone service,DSL,30.24,Yes,1192.46
3900-AAAA,Male,1,No,Yes,2,No,Yes,Fiber optic,95.18,No,181.34
9411-AAAA,Male,0,No,No,41,Yes,No,Fiber optic,110.62,Yes,4532.56
1031-AAAA,Female,0,No,No,12,Yes,No phone service,No,94.34,No,1133.75
8565-DDDD,Female,0,Yes,No,35,No,Yes,No,73.28,No,2564.09
6707-CCCC,Female,0,No,Yes,65,No,No phone service,No,106.07,No,6888.41
5898-DDDD,Female,0,Yes,Yes,55,No,No,Fiber optic,89.49,No,4931.34
1921-AAAA,Female,0,Yes,Yes,45,No,Yes,Fiber optic,21.06,Yes,946.41
3100-DDDD,Female,0,Yes,Yes,62,No,Yes,DSL,59.41,No,3685.51
9771-CCCC,Male,0,Yes,Yes,49,Yes,Yes,Fiber optic,105.1,No,5144.29
7076-AAAA,Female,1,Yes,Yes,25,Yes,No,DSL,54.59,No,1379.84
1768-DDDD,Male,1,Yes,No,23,No,No phone service,No,23.52,No,537.04
5505-AAAA,Male,0,Yes,No,24,Yes,Yes,No,94.62,No,2271.63
9304-CCCC,Female,0,Yes,Yes,38,Yes,No phone service,Fiber optic,100.2,Yes,3817.95
4012-BBBB,Male,1,Yes,No,28,Yes,No phone service,No,36.06,No,1012.48
3543-AAAA,Female,0,Yes,No,21,No,No,No,73.73,Yes,1550.88
9034-CCCC,Male,0,No,Yes,54,Yes,Yes,Fiber optic,39.2,Yes,2097.06
4015-BBBB,Female,0,No,No,18,Yes,No phone service,DSL,91.92,No,1661.37
6259-AAAA,Male,1,No,Yes,36,Yes,Yes,Fiber optic,47.16,No,1698.32
5312-AAAA,Female,1,Yes,Yes,45,No,Yes,DSL,51.62,Yes,2328.32
9891-BBBB,Female,1,No,No,53,Yes,No,Fiber optic,104.5,No,5540.33
8048-CCCC,Female,1,No,Yes,30,Yes,Yes,Fiber optic,67.63,Yes,2023.31
4468-BBBB,Female,1,No,Yes,60,No,Yes,No,86.98,No,5227.74
7443-CCCC,Female,0,Yes,Yes,32,No,No phone service,Fiber optic,60.24,No,1929.66
6276-DDDD,Male,1,Yes,Yes,67,Yes,No,Fiber optic,49.8,No,3323.71
7553-CCCC,Male,0,Yes,Yes,67,Yes,Yes,DSL,82.55,Yes,5543.94
1499-AAAA,Male,0,Yes,Yes,28,No,No phone service,No,35.49,No,979.42
6298-BBBB,Female,1,No,Yes,44,No,No,DSL,57.3,No,2530.21
2289-BBBB,Male,1,No,Yes,41,No,No,DSL,40.9,No,1691.77
5768-BBBB,Female,0,No,No,63,No,No phone service,No,89.58,No,5632.48
7833-DDDD,Female,0,No,No,23,No,No phone service,No,114.42,No,2630.43
9008-AAAA,Male,0,Yes,No,48,No,No phone service,No,119.55,Yes,5736.24
7943-CCCC,Male,1,Yes,Yes,32,No,No phone service,Fiber optic,65.03,No,2079.25
8663-DDDD,Female,1,Yes,Yes,57,Yes,No phone service,No,45.25,No,2597.55
8859-DDDD,Male,1,No,No,33,No,Yes,No,64.28,Yes,2110.29
7586-DDDD,Female,1,Yes,No,24,No,Yes,No,104.73,No,2510.45
7112-CCCC,Female,1,Yes,No,39,Yes,No,DSL,40.6,Yes,1598.43
9006-BBBB,Female,0,No,Yes,34,No,Yes,DSL,115.21,No,3913.91
7283-AAAA,Female,1,No,No,56,No,Yes,Fiber optic,54.19,No,3025.28
2451-DDDD,Female,0,Yes,No,28,Yes,Yes,DSL,118.58,No,3322.87
3020-BBBB,Male,0,Yes,Yes,37,No,No phone service,Fiber optic,103.86,No,3850.88
3792-CCCC,Male,0,Yes,No,7,Yes,No,DSL,100.86,Yes,702.09
7922-CCCC,Female,1,Yes,Yes,68,Yes,No,No,51.79,No,3527.26
3860-AAAA,Female,1,Yes,Yes,37,Yes,No,DSL,20.88,Yes,758.79
9798-CCCC,Male,1,Yes,Yes,56,Yes,No,Fiber optic,58.21,No,3246.55
9715-BBBB,Male,0,No,No,65,No,Yes,DSL,50.18,Yes,3257.3
1551-CCCC,Female,0,No,No,65,Yes,Yes,No,23.74,No,1549.0
6131-CCCC,Male,0,No,Yes,47,Yes,No phone service,Fiber optic,70.54,No,3322.99
5248-AAAA,Female,0,Yes,No,20,No,No,No,60.3,No,1194.18
9897-DDDD,Male,0,No,No,19,Yes,Yes,No,83.46,No,1592.98
9342-DDDD,Female,0,Yes,No,29,Yes,Yes,Fiber optic,82.12,No,2383.15
1253-BBBB,Male,1,Yes,No,60,Yes,No phone service,No,32.07,No,1915.41
2081-AAAA,Female,1,No,Yes,18,Yes,No phone service,No,117.7,Yes,2105.26
9220-AAAA,Male,1,Yes,No,35,No,No phone service,DSL,38.69,No,1356.45
9585-DDDD,Male,1,Yes,Yes,43,Yes,Yes,No,64.53,Yes,2787.69
2432-AAAA,Female,0,No,Yes,11,No,Yes,No,68.81,Yes,757.27
7912-BBBB,Male,0,No,No,49,No,No phone service,No,101.31,No,4954.84
7266-AAAA,Female,1,No,Yes,38,Yes,No,No,29.92,Yes,1118.28
5041-BBBB,Male,0,Yes,No,64,Yes,No phone service,Fiber optic,62.86,Yes,4038.33
6822-DDDD,Female,1,No,No,69,Yes,No phone service,DSL,82.85,Yes,5727.07
1985-AAAA,Male,1,No,Yes,8,Yes,No phone service,No,41.52,Yes,335.18
5275-DDDD,Female,1,Yes,Yes,34,No,No phone service,No,82.75,Yes,2828.28
2244-BBBB,Male,0,No,Yes,48,No,Yes,Fiber optic,112.37,No,5396.0
5937-CCCC,Female,1,No,Yes,56,No,No,No,119.75,Yes,6700.69
8286-CCCC,Male,1,No,No,65,Yes,No phone service,Fiber optic,23.25,No,1516.8
7655-AAAA,Female,1,Yes,No,31,No,No,DSL,43.56,Yes,1342.06
2733-AAAA,Female,0,Yes,No,4,Yes,No,DSL,51.03,No,194.16
6127-AAAA,Female,0,Yes,Yes,50,Yes,No,No,59.91,Yes,3003.22
5607-DDDD,Male,1,Yes,Yes,69,Yes,No phone service,No,44.23,No,3060.43
8397-CCCC,Female,0,No,Yes,30,Yes,Yes,No,40.35,No,1197.76
7611-BBBB,Male,0,Yes,No,59,Yes,No phone service,Fiber optic,115.46,Yes,6799.77
6889-CCCC,Female,0,Yes,Yes,67,No,No,No,111.85,No,7489.5
6665-CCCC,Male,0,No,No,45,No,No,No,24.7,No,1104.39
7298-BBBB,Female,0,No,Yes,4,Yes,Yes,DSL,53.88,Yes,220.28
4363-AAAA,Male,0,No,No,26,No,No phone service,No,60.51,No,1573.74
5552-DDDD,Male,0,Yes,No,27,Yes,No,DSL,43.9,No,1196.95
6554-CCCC,Female,0,Yes,Yes,46,Yes,Yes,No,82.89,No,3816.11
6311-CCCC,Male,0,Yes,Yes,64,Yes,No,DSL,84.04,No,5372.11
8025-AAAA,Male,0,No,No,51,No,Yes,No,105.05,No,5338.64
4797-DDDD,Female,1,No,No,50,Yes,Yes,DSL,94.09,No,4706.29
7418-CCCC,Male,1,Yes,Yes,6,Yes,No phone service,Fiber optic,74.26,No,428.46
2497-AAAA,Male,0,No,Yes,59,No,No,DSL,85.36,No,5029.67
9625-DDDD,Male,1,No,No,15,No,No phone service,DSL,47.4,Yes,703.78
3645-CCCC,Female,1,No,Yes,30,No,No,DSL,79.31,No,2374.22
5619-AAAA,Male,0,Yes,No,42,Yes,No phone service,No,68.92,Yes,2881.48
3434-BBBB,Female,0,No,No,37,Yes,No,No,33.33,Yes,1225.96
2969-BBBB,Male,0,No,Yes,42,No,No phone service,No,44.25,No,1869.96
2467-BBBB,Male,1,Yes,Yes,35,Yes,Yes,Fiber optic,49.17,No,1732.38
7329-BBBB,Male,1,Yes,Yes,6,No,No,Fiber optic,112.43,Yes,689.9
4959-DDDD,Female,0,No,Yes,68,No,No,DSL,43.04,No,2926.82
5058-BBBB,Male,0,No,Yes,18,Yes,Yes,Fiber optic,48.92,No,883.27
7247-DDDD,Male,0,Yes,No,29,Yes,No phone service,DSL,56.94,No,1662.87
8094-DDDD,Female,1,Yes,No,59,No,No,DSL,86.37,No,5081.12
7916-AAAA,Male,1,No,Yes,47,No,No,DSL,31.82,No,1503.6
1684-AAAA,Female,1,No,Yes,17,No,No phone service,Fiber optic,115.39,Yes,1974.65
6630-AAAA,Female,1,No,Yes,22,No,Yes,No,106.56,Yes,2335.43
3146-BBBB,Male,0,No,No,68,Yes,No phone service,Fiber optic,77.72,No,5298.79
5118-AAAA,Female,0,Yes,Yes,69,No,No phone service,DSL,87.4,Yes,6051.18
1745-DDDD,Male,0,No,Yes,37,No,No phone service,DSL,21.67,No,809.57
2266-BBBB,Female,0,No,No,49,No,No,Fiber optic,53.89,No,2646.56
7891-AAAA,Female,1,Yes,No,13,Yes,Yes,DSL,99.57,No,1283.21
7375-CCCC,Male,1,No,Yes,34,Yes,Yes,DSL,27.75,Yes,954.19
7625-CCCC,Female,0,Yes,Yes,53,No,No phone service,Fiber optic,48.23,No,2545.93
6354-BBBB,Female,0,No,Yes,51,Yes,No,Fiber optic,78.53,No,4008.73
2942-BBBB,Female,1,No,No,3,Yes,No phone service,Fiber optic,45.64,No,141.63
4672-DDDD,Female,0,Yes,Yes,42,Yes,No,DSL,113.4,Yes,4729.84
6955-AAAA,Female,1,Yes,Yes,32,No,No,DSL,33.11,No,1063.58
8389-BBBB,Male,0,No,Yes,51,No,No,No,99.74,No,5112.95
6399-BBBB,Female,0,No,No,46,Yes,No,No,70.79,No,3235.42
3704-DDDD,Male,0,No,No,21,No,Yes,Fiber optic,95.03,No,1995.09
5193-AAAA,Female,0,Yes,Yes,44,No,No,No,51.07,Yes,2227.61
9164-CCCC,Male,0,No,Yes,11,Yes,No,DSL,71.45,Yes,777.01
9099-DDDD,Male,0,Yes,No,68,Yes,No phone service,No,105.68,No,7166.94
8923-AAAA,Female,0,Yes,No,1,No,No phone service,DSL,66.69,No,68.29
5435-CCCC,Female,1,No,No,63,Yes,Yes,Fiber optic,55.97,No,3534.05
9747-CCCC,Female,1,Yes,No,24,No,No phone service,Fiber optic,73.62,Yes,1770.98
8609-BBBB,Male,1,No,No,13,No,No,DSL,91.74,Yes,1183.32
1515-AAAA,Female,1,No,No,11,Yes,No phone service,No,64.36,Yes,701.87
5416-DDDD,Male,1,No,No,51,No,Yes,Fiber optic,113.89,Yes,5811.11
2632-CCCC,Male,0,No,No,17,No,No phone service,Fiber optic,49.49,No,832.34
5637-DDDD,Male,0,No,No,24,Yes,No phone service,No,67.55,No,1607.91
7981-DDDD,Female,1,Yes,Yes,19,Yes,Yes,No,95.69,Yes,1815.72
2648-AAAA,Female,0,Yes,Yes,37,Yes,Yes,DSL,88.91,No,3280.22
4995-AAAA,Male,1,No,Yes,8,No,No,No,106.36,Yes,855.0
6202-AAAA,Male,1,No,No,28,Yes,No phone service,No,119.68,No,3364.03
5121-AAAA,Female,0,Yes,Yes,5,Yes,No,No,62.69,Yes,339.43
2691-DDDD,Male,0,Yes,No,17,Yes,No phone service,DSL,31.12,No,532.42
6007-CCCC,Female,0,Yes,No,36,Yes,No phone service,DSL,23.04,No,835.9
7294-AAAA,Male,1,Yes,Yes,19,No,No,Fiber optic,92.69,No,1755.12
2663-AAAA,Female,0,No,No,64,No,No phone service,DSL,107.4,No,6868.23
9446-CCCC,Male,1,No,Yes,11,Yes,No phone service,Fiber optic,42.07,No,475.61
6619-AAAA,Female,1,Yes,Yes,54,No,No phone service,No,35.84,No,1932.6
5062-DDDD,Male,1,No,Yes,45,Yes,Yes,Fiber optic,26.22,Yes,1180.63
8829-AAAA,Female,0,Yes,No,47,Yes,No,Fiber optic,102.27,No,4818.92
6182-CCCC,Female,0,No,Yes,12,No,Yes,No,51.14,No,610.99
6941-BBBB,Male,1,Yes,No,21,No,No,Fiber optic,60.17,Yes,1278.57
7281-CCCC,Male,0,No,Yes,11,Yes,No,DSL,70.28,No,778.81
2138-BBBB,Female,0,Yes,Yes,5,Yes,No phone service,DSL,103.95,No,524.3
1236-AAAA,Male,0,Yes,Yes,56,No,No,DSL,85.08,No,4758.0
6284-BBBB,Female,1,No,No,20,Yes,Yes,DSL,81.51,No,1635.29
6180-BBBB,Male,1,Yes,No,41,No,Yes,Fiber optic,37.57,No,1536.08
5224-AAAA,Female,0,No,No,46,Yes,Yes,Fiber optic,71.32,No,3285.41
4388-CCCC,Female,1,No,Yes,12,Yes,No,No,91.54,No,1097.46
8796-CCCC,Female,0,Yes,Yes,70,No,Yes,Fiber optic,117.33,No,8222.77
6307-CCCC,Female,0,No,No,17,No,No,Fiber optic,40.14,No,682.06
3060-DDDD,Female,0,No,No,19,No,Yes,Fiber optic,20.95,No,418.43
8242-DDDD,Female,0,No,No,26,No,Yes,No,27.53,No,713.02
7998-AAAA,Male,1,No,No,48,No,No,DSL,57.59,No,2758.97
5675-BBBB,Male,1,No,No,52,No,Yes,Fiber optic,102.05,No,5310.06
7102-BBBB,Male,1,Yes,No,70,No,No phone service,No,20.71,No,1460.48
8640-CCCC,Female,0,No,Yes,55,Yes,No,No,65.67,No,3622.55
6619-DDDD,Female,0,No,No,33,Yes,No,No,52.92,No,1748.03
7447-BBBB,Female,0,No,Yes,62,Yes,No,DSL,25.25,Yes,1568.89
7821-AAAA,Female,1,No,Yes,23,No,No phone service,Fiber optic,65.02,No,1498.87
5350-DDDD,Male,0,No,No,15,No,No,No,45.47,No,671.27
5989-BBBB,Male,1,Yes,No,27,No,Yes,DSL,55.19,Yes,1500.37
5270-AAAA,Female,1,No,Yes,64,Yes,Yes,No,90.56,Yes,5783.26
9889-AAAA,Male,1,Yes,No,51,No,Yes,No,72.16,No,3669.4
3098-BBBB,Male,1,Yes,No,53,No,No,No,32.46,Yes,1720.93
6584-AAAA,Female,1,Yes,Yes,51,Yes,Yes,No,116.14,No,5919.94
3708-BBBB,Male,1,Yes,Yes,47,No,No,No,83.59,No,3936.69
7738-AAAA,Female,0,No,Yes,4,Yes,Yes,DSL,96.59,No,390.83
4970-CCCC,Male,0,Yes,No,7,Yes,No phone service,Fiber optic,27.92,No,196.82
7848-DDDD,Female,1,Yes,Yes,35,No,No phone service,Fiber optic,24.71,No,853.59
4568-BBBB,Female,1,No,No,48,No,No phone service,Fiber optic,21.94,No,1053.39
5710-DDDD,Female,0,No,Yes,72,No,No phone service,Fiber optic,38.88,Yes,2798.83
7980-CCCC,Female,1,No,Yes,45,Yes,No,DSL,61.44,No,2767.02
3643-BBBB,Male,1,Yes,Yes,72,Yes,Yes,DSL,113.58,No,8173.46
8596-DDDD,Female,0,No,No,19,Yes,No phone service,DSL,65.71,No,1253.72
8318-BBBB,Female,1,No,No,63,No,No,No,49.03,Yes,3085.42
7377-DDDD,Female,1,Yes,Yes,38,No,No phone service,No,76.19,No,2899.51
5401-DDDD,Male,1,No,Yes,67,No,No phone service,No,31.19,Yes,2097.69
4618-DDDD,Female,0,No,Yes,59,No,No,Fiber optic,80.95,No,4770.7
8961-BBBB,Male,0,No,No,69,Yes,No,No,76.84,Yes,5294.24
1389-AAAA,Female,0,No,Yes,13,Yes,Yes,Fiber optic,99.2,No,1294.36
6920-CCCC,Male,1,Yes,No,47,Yes,Yes,No,118.67,No,5564.28
2895-BBBB,Male,1,No,Yes,61,Yes,No phone service,Fiber optic,45.09,Yes,2761.61
7804-CCCC,Female,0,No,Yes,31,No,No phone service,No,70.97,No,2200.18
7968-AAAA,Male,1,Yes,Yes,22,No,Yes,No,110.89,No,2438.43
6920-BBBB,Female,1,No,Yes,43,No,Yes,DSL,98.52,No,4241.82
4335-BBBB,Female,1,Yes,Yes,67,Yes,No,No,68.74,No,4610.42
1239-BBBB,Female,1,No,Yes,54,Yes,Yes,No,114.54,No,6185.23
4525-AAAA,Male,1,Yes,No,10,No,Yes,DSL,25.72,No,265.99
5392-BBBB,Male,0,Yes,Yes,42,No,No phone service,Fiber optic,113.1,No,4743.48
3127-AAAA,Female,1,Yes,No,64,Yes,Yes,DSL,25.05,No,1610.32
6687-CCCC,Female,0,Yes,Yes,21,No,No phone service,DSL,74.73,Yes,1558.54
2781-CCCC,Male,1,No,Yes,66,Yes,Yes,Fiber optic,109.04,No,7201.75
8103-BBBB,Female,0,Yes,No,41,Yes,No,No,46.27,No,1893.79
3385-DDDD,Female,1,No,Yes,24,Yes,Yes,Fiber optic,67.22,Yes,1600.17
4364-DDDD,Female,0,Yes,No,35,No,Yes,No,52.43,No,1837.62
8299-CCCC,Male,1,Yes,No,56,No,Yes,No,115.21,No,6451.42
7958-AAAA,Male,0,Yes,Yes,30,Yes,No phone service,Fiber optic,102.36,No,3055.37
1870-DDDD,Male,1,No,No,57,No,No,DSL,90.9,Yes,5160.16
6661-DDDD,Female,0,Yes,No,47,Yes,Yes,Fiber optic,78.76,No,3700.2
9463-AAAA,Female,1,No,Yes,35,Yes,No phone service,No,102.06,No,3588.28
7830-BBBB,Female,0,No,No,19,Yes,No,Fiber optic,59.23,No,1128.58
6366-DDDD,Male,0,No,Yes,8,Yes,No phone service,Fiber optic,64.76,No,511.4
7100-AAAA,Female,1,No,Yes,26,No,No phone service,No,93.0,No,2428.82
7941-BBBB,Female,1,No,Yes,71,Yes,No,DSL,55.78,No,3969.45
3458-CCCC,Female,0,No,Yes,30,Yes,Yes,Fiber optic,26.39,Yes,804.42
8616-CCCC,Female,1,No,No,7,No,No phone service,No,27.43,No,198.85
4149-DDDD,Male,0,No,Yes,67,Yes,No phone service,No,31.54,No,2122.04
1224-DDDD,Male,0,No,Yes,65,Yes,Yes,Fiber optic,106.97,Yes,6960.36
3075-CCCC,Female,0,Yes,No,36,No,Yes,DSL,67.22,No,2415.14
1934-AAAA,Male,1,Yes,Yes,25,No,No,Fiber optic,91.29,Yes,2265.88
6706-AAAA,Male,0,Yes,Yes,37,No,No,DSL,59.29,Yes,2188.52
1107-AAAA,Female,0,Yes,No,1,Yes,No,DSL,45.87,No,56.92
6466-BBBB,Female,1,Yes,No,15,No,Yes,DSL,54.72,No,816.99
9931-CCCC,Male,1,No,No,37,No,No phone service,DSL,99.42,No,3677.09
9415-AAAA,Female,1,No,No,13,Yes,No phone service,Fiber optic,82.52,No,1061.1
3743-AAAA,Male,1,No,No,8,Yes,No,No,113.76,Yes,904.57
7618-AAAA,Female,0,No,No,5,Yes,Yes,No,87.97,No,439.76
4151-AAAA,Male,0,No,No,60,Yes,No phone service,No,77.02,No,4626.13
7919-AAAA,Female,0,No,Yes,1,Yes,No,No,81.02,No,76.43
9113-CCCC,Male,0,No,No,36,No,No phone service,No,114.24,No,4107.35
8295-AAAA,Male,1,Yes,No,35,No,No phone service,No,98.82,No,3467.12
4218-BBBB,Male,0,Yes,No,66,No,Yes,Fiber optic,22.4,No,1481.65
7859-AAAA,Female,0,Yes,Yes,63,Yes,Yes,DSL,73.41,No,4629.32
2964-DDDD,Male,1,Yes,Yes,23,Yes,No phone service,No,88.83,Yes,2058.37
1133-AAAA,Male,0,No,No,9,Yes,No,Fiber optic,94.87,No,848.78
3603-DDDD,Female,0,No,No,34,No,Yes,No,41.31,Yes,1404.05
9861-BBBB,Female,0,No,No,46,No,No phone service,No,106.72,Yes,4914.63
8657-CCCC,Male,0,Yes,Yes,4,Yes,Yes,DSL,115.58,Yes,453.6
9439-DDDD,Male,0,No,Yes,30,No,Yes,DSL,43.67,No,1312.39
2480-DDDD,Female,0,No,No,72,Yes,Yes,DSL,108.26,No,7794.94
6566-AAAA,Female,1,No,Yes,3,No,No phone service,No,29.7,No,116.87
4641-BBBB,Female,1,Yes,No,14,No,No,No,25.57,No,358.98
8531-BBBB,Female,0,No,Yes,60,No,No,No,32.92,No,1986.77
4424-AAAA,Female,0,Yes,Yes,45,Yes,No,DSL,25.77,No,1167.95
8900-DDDD,Male,1,Yes,No,34,No,Yes,Fiber optic,104.5,Yes,3541.43
8246-CCCC,Female,0,Yes,No,45,No,No phone service,No,25.91,No,1150.46
9890-BBBB,Male,0,Yes,No,61,Yes,Yes,No,47.17,No,2879.84
3849-BBBB,Male,0,No,No,16,No,No,No,30.38,No,498.65
5155-DDDD,Male,1,Yes,Yes,66,Yes,No,Fiber optic,49.54,No,3272.52
4960-CCCC,Female,0,Yes,Yes,40,Yes,No phone service,No,29.06,Yes,1163.19
4205-AAAA,Male,1,No,Yes,17,Yes,Yes,Fiber optic,86.8,No,1472.76
4130-BBBB,Male,0,No,No,34,Yes,No,No,33.33,No,1119.98
5144-BBBB,Female,1,Yes,Yes,16,Yes,No phone service,Fiber optic,105.18,No,1673.27
4563-BBBB,Male,1,No,No,60,No,Yes,No,101.72,Yes,6086.98
9483-BBBB,Male,0,Yes,Yes,66,Yes,Yes,DSL,21.37,No,1399.39
3847-CCCC,Female,1,Yes,No,66,Yes,No,DSL,109.57,No,7226.36
9887-DDDD,Male,0,Yes,No,13,Yes,No,DSL,22.89,Yes,305.33
7891-CCCC,Male,1,Yes,Yes,56,Yes,Yes,DSL,43.96,No,2457.31
1968-AAAA,Male,0,No,No,31,No,Yes,No,23.24,No,723.0
5313-DDDD,Female,0,Yes,No,34,Yes,No,DSL,53.58,No,1823.07
3475-AAAA,Female,1,No,Yes,39,No,Yes,Fiber optic,71.39,No,2789.2
4519-AAAA,Female,0,No,No,67,Yes,No,DSL,99.66,No,6666.87
1318-AAAA,Male,0,No,No,8,No,Yes,DSL,53.8,No,440.99
5452-BBBB,Male,1,No,No,55,Yes,No,DSL,90.55,Yes,4966.18
7396-AAAA,Female,0,Yes,Yes,27,Yes,No phone service,No,38.75,Yes,1041.77
3186-AAAA,Male,0,No,Yes,53,No,No,DSL,95.06,Yes,5037.97
1116-CCCC,Male,1,Yes,No,39,Yes,No,Fiber optic,43.6,No,1708.0
7290-DDDD,Female,1,No,Yes,65,No,No phone service,DSL,34.35,No,2246.54
6073-DDDD,Female,0,No,No,17,Yes,Yes,DSL,38.54,No,662.86
7674-CCCC,Male,0,Yes,No,30,No,No phone service,DSL,38.21,No,1160.46
9739-CCCC,Male,1,Yes,No,53,Yes,No,Fiber optic,71.29,No,3770.08
9951-CCCC,Male,1,Yes,No,13,Yes,Yes,DSL,104.48,No,1370.14
9961-AAAA,Female,0,No,No,21,No,No phone service,Fiber optic,27.96,Yes,597.35
9896-AAAA,Female,1,No,Yes,19,Yes,Yes,Fiber optic,90.7,No,1699.34
1680-CCCC,Female,0,Yes,No,53,Yes,Yes,DSL,85.43,No,4525.59
7764-AAAA,Female,0,Yes,Yes,19,Yes,No phone service,Fiber optic,107.25,No,2043.77
4576-DDDD,Male,0,Yes,Yes,57,Yes,Yes,No,44.41,No,2526.22
9987-CCCC,Female,0,Yes,No,25,Yes,No phone service,DSL,65.01,No,1614.39
7785-CCCC,Female,0,No,No,31,Yes,No,DSL,112.58,Yes,3511.12
3033-BBBB,Female,1,Yes,Yes,55,No,Yes,Fiber optic,86.0,No,4731.11
2970-CCCC,Female,1,Yes,Yes,23,No,No,Fiber optic,58.88,No,1355.62
8249-DDDD,Female,1,Yes,Yes,32,No,No,DSL,33.14,No,1047.39
1662-DDDD,Male,1,Yes,No,62,Yes,Yes,No,46.25,No,2861.38
1399-BBBB,Male,0,No,Yes,10,No,No phone service,Fiber optic,78.12,No,772.22
3993-AAAA,Female,0,Yes,No,72,Yes,Yes,Fiber optic,91.82,No,6621.83
2598-CCCC,Male,0,No,No,54,Yes,No,No,32.44,No,1756.81
1619-AAAA,Female,0,Yes,No,52,Yes,No,No,79.96,No,4152.21
5913-AAAA,Female,1,Yes,Yes,20,Yes,No phone service,DSL,75.04,No,1506.41
9237-AAAA,Male,0,No,No,32,No,Yes,No,71.4,No,2282.26
3505-BBBB,Male,0,Yes,No,14,Yes,No,DSL,89.01,No,1248.48
8040-CCCC,Female,1,No,No,50,No,No,No,103.74,No,5189.3
2813-BBBB,Female,1,No,No,28,Yes,No,Fiber optic,52.3,Yes,1468.6
3220-DDDD,Female,1,Yes,No,53,No,No phone service,DSL,108.9,No,5774.7
8178-CCCC,Male,1,No,Yes,24,No,No,DSL,36.06,Yes,869.65
1896-AAAA,Female,0,No,No,22,No,No,DSL,37.3,No,833.16
6521-DDDD,Female,0,No,No,30,No,Yes,No,46.68,Yes,1406.81
6748-AAAA,Female,1,No,Yes,63,No,Yes,Fiber optic,31.95,Yes,2009.48
4337-CCCC,Male,0,No,No,4,No,No,DSL,43.03,Yes,171.14
1355-BBBB,Female,0,No,Yes,59,Yes,No,DSL,30.64,Yes,1820.06
6133-DDDD,Female,0,No,No,8,No,Yes,DSL,102.18,No,818.56
4165-AAAA,Male,1,No,Yes,12,Yes,No phone service,DSL,33.9,No,403.06
4107-AAAA,Female,0,Yes,Yes,31,No,No phone service,Fiber optic,94.73,No,2930.32
7109-CCCC,Female,1,Yes,No,34,Yes,No phone service,No,24.79,No,845.59
4165-BBBB,Male,0,No,No,49,No,No phone service,Fiber optic,114.85,No,5619.1
2632-DDDD,Female,0,Yes,No,57,No,No phone service,DSL,91.12,Yes,5206.69
5713-AAAA,Male,0,No,Yes,26,Yes,No phone service,Fiber optic,20.68,No,527.3
3157-DDDD,Male,1,No,Yes,18,No,No phone service,DSL,96.39,Yes,1749.8
5867-DDDD,Female,0,Yes,Yes,38,No,No phone service,No,71.41,No,2710.73
7277-AAAA,Female,1,No,No,50,No,Yes,No,97.94,No,4886.23
8332-CCCC,Female,1,No,Yes,8,Yes,No phone service,No,72.25,Yes,579.89
2976-DDDD,Female,1,No,Yes,41,No,No phone service,DSL,84.1,No,3438.57
1856-AAAA,Male,0,No,No,6,Yes,No phone service,Fiber optic,98.63,No,592.12
1405-BBBB,Female,0,Yes,Yes,69,No,No,No,60.51,No,4169.41
6939-DDDD,Male,0,No,Yes,44,No,Yes,DSL,20.27,No,901.33
6414-AAAA,Female,0,No,No,64,Yes,Yes,DSL,104.99,Yes,6720.73
1089-DDDD,Female,1,No,Yes,29,No,Yes,Fiber optic,58.09,No,1672.72
2015-CCCC,Female,1,Yes,No,28,No,No phone service,No,69.6,Yes,1942.83
7632-DDDD,Male,1,No,No,11,Yes,No phone service,DSL,20.78,No,235.63
8143-CCCC,Female,0,Yes,No,65,No,No,Fiber optic,69.21,Yes,4511.52
7393-CCCC,Female,1,Yes,No,19,Yes,Yes,No,118.65,No,2253.9
2610-CCCC,Female,0,No,No,9,Yes,No phone service,Fiber optic,47.83,No,420.03
7321-DDDD,Female,1,No,Yes,27,Yes,Yes,Fiber optic,59.54,No,1618.12
9453-AAAA,Male,0,Yes,Yes,34,No,No,DSL,88.72,No,3023.49
9910-DDDD,Female,0,No,No,44,Yes,No,DSL,101.48,No,4478.19
5397-BBBB,Male,1,Yes,No,68,Yes,No,DSL,61.74,No,4201.22
4339-AAAA,Male,1,Yes,Yes,15,No,Yes,Fiber optic,50.97,No,759.34
3660-AAAA,Male,1,No,No,51,Yes,No phone service,DSL,113.78,Yes,5807.95
4094-CCCC,Male,1,No,No,13,No,No phone service,Fiber optic,87.71,No,1143.49
2672-DDDD,Male,0,Yes,No,49,No,No,Fiber optic,31.9,Yes,1557.35
1297-DDDD,Male,1,Yes,Yes,70,No,No phone service,DSL,26.89,Yes,1884.29
4629-DDDD,Female,1,Yes,Yes,56,No,No,No,68.35,No,3825.65
8781-BBBB,Male,1,Yes,No,51,Yes,Yes,No,42.01,No,2149.95
7049-BBBB,Male,0,No,No,37,Yes,No,No,45.4,No,1684.72
1439-BBBB,Male,0,No,Yes,17,Yes,Yes,Fiber optic,107.77,Yes,1821.57
8666-BBBB,Female,1,No,Yes,58,Yes,No,Fiber optic,28.96,No,1668.16
5880-DDDD,Female,0,No,No,29,Yes,No phone service,Fiber optic,91.54,Yes,2653.76
9021-BBBB,Male,1,No,No,33,No,No phone service,DSL,47.11,Yes,1554.96
3618-BBBB,Female,0,Yes,Yes,60,Yes,No,Fiber optic,96.03,Yes,5769.41
5551-AAAA,Male,0,No,Yes,55,Yes,No phone service,DSL,92.24,No,5078.33
5718-CCCC,Male,0,No,Yes,10,Yes,No phone service,DSL,20.74,No,221.99
4891-BBBB,Female,0,No,No,47,No,No phone service,No,70.91,Yes,3328.1
8952-BBBB,Male,1,No,Yes,23,No,Yes,No,33.93,No,775.15
7677-DDDD,Female,1,No,No,21,Yes,No phone service,No,106.62,Yes,2229.42
9924-DDDD,Female,1,Yes,Yes,13,No,Yes,DSL,107.16,No,1400.57
8974-CCCC,Male,0,Yes,Yes,33,Yes,No,DSL,61.83,No,2040.61
4557-BBBB,Male,1,Yes,Yes,24,Yes,No phone service,DSL,64.44,No,1528.02
1156-DDDD,Female,1,No,Yes,11,No,No phone service,Fiber optic,50.33,No,555.65
4011-BBBB,Male,1,Yes,No,17,No,No phone service,DSL,91.66,No,1560.88
4450-DDDD,Male,0,Yes,No,68,Yes,No,No,55.87,No,3797.72
5054-AAAA,Male,0,No,Yes,47,Yes,Yes,No,46.78,No,2201.63
6945-DDDD,Female,0,No,No,25,No,Yes,DSL,63.22,No,1568.3
7980-AAAA,Female,1,No,Yes,21,Yes,No phone service,DSL,29.15,No,628.56
9141-DDDD,Male,1,Yes,Yes,12,No,No,No,94.66,Yes,1139.72
6373-BBBB,Female,1,Yes,Yes,37,Yes,No,DSL,21.26,No,768.88
5603-CCCC,Female,0,No,Yes,42,No,No,No,84.45,No,3546.84
8703-CCCC,Female,0,No,No,17,Yes,No,Fiber optic,38.29,Yes,655.0
3224-AAAA,Female,1,Yes,Yes,48,Yes,No,No,43.24,No,2064.39
8416-CCCC,Female,0,Yes,Yes,28,No,Yes,Fiber optic,83.56,No,2345.02
3897-BBBB,Male,0,No,No,41,Yes,Yes,DSL,119.29,No,4907.7
9149-CCCC,Male,0,No,Yes,47,Yes,Yes,DSL,97.77,No,4588.75
6451-DDDD,Male,0,Yes,Yes,18,No,No phone service,Fiber optic,42.58,No,770.72
6469-BBBB,Female,1,No,Yes,71,Yes,No,DSL,37.6,No,2671.69
7389-DDDD,Female,0,Yes,No,13,Yes,No phone service,Fiber optic,106.62,No,1395.74
6300-AAAA,Male,0,Yes,Yes,13,Yes,No,DSL,64.42,No,836.37
2515-AAAA,Female,0,Yes,No,31,No,Yes,No,33.71,No,1034.34
7452-AAAA,Male,0,Yes,Yes,2,No,No phone service,DSL,106.22,No,221.48
9317-BBBB,Male,1,No,Yes,16,No,Yes,No,101.61,No,1615.69
7989-DDDD,Male,1,No,No,9,Yes,No,No,118.39,No,1083.6
4571-CCCC,Female,0,Yes,Yes,38,Yes,No,Fiber optic,110.97,No,4222.47
4595-BBBB,Female,0,Yes,Yes,54,Yes,No,DSL,105.18,Yes,5673.73
8203-DDDD,Male,0,Yes,No,56,Yes,Yes,Fiber optic,25.26,Yes,1425.65
7183-BBBB,Male,0,Yes,No,45,No,No,DSL,30.44,No,1369.71
6322-DDDD,Male,0,Yes,No,34,Yes,Yes,No,76.9,No,2612.39
2052-CCCC,Male,0,No,No,9,Yes,No phone service,No,73.15,Yes,651.54
5207-CCCC,Female,1,No,No,8,Yes,No,DSL,65.8,Yes,507.62
7593-CCCC,Female,0,No,Yes,7,No,No,DSL,59.68,Yes,423.8
3491-BBBB,Male,1,No,No,36,Yes,No,Fiber optic,63.12,No,2256.04
3787-CCCC,Male,1,Yes,Yes,18,Yes,No phone service,DSL,76.93,Yes,1376.81
1440-CCCC,Female,0,Yes,Yes,3,Yes,No,DSL,20.21,No,64.96
5599-DDDD,Female,1,Yes,Yes,28,Yes,Yes,DSL,46.07,No,1284.95
3635-CCCC,Male,1,Yes,No,70,Yes,Yes,Fiber optic,71.83,No,5029.67
5962-AAAA,Male,1,Yes,No,44,No,No,DSL,92.22,No,4045.54
8372-DDDD,Male,1,No,Yes,21,Yes,No,No,37.42,Yes,782.34
8061-DDDD,Female,1,Yes,No,28,Yes,No phone service,Fiber optic,74.69,No,2092.95
8059-CCCC,Female,1,No,No,54,Yes,No phone service,Fiber optic,91.45,No,4928.79
1179-AAAA,Female,0,No,No,54,Yes,No phone service,No,64.46,No,3497.7
6388-CCCC,Male,1,No,No,65,Yes,No,No,22.71,No,1469.78
1598-AAAA,Male,1,No,Yes,21,Yes,No phone service,No,64.93,No,1377.31
2237-AAAA,Female,1,Yes,Yes,13,Yes,No phone service,DSL,49.64,Yes,643.64
8177-BBBB,Female,0,No,No,57,Yes,Yes,No,112.96,No,6423.04
4007-CCCC,Male,1,No,Yes,49,Yes,No phone service,DSL,32.46,Yes,1579.17
3408-DDDD,Female,0,No,No,54,Yes,Yes,Fiber optic,85.25,No,4605.26
3511-DDDD,Female,1,Yes,No,10,No,Yes,Fiber optic,25.27,Yes,263.03
7780-AAAA,Male,0,Yes,Yes,53,No,No phone service,No,64.62,No,3442.56
1561-CCCC,Female,0,Yes,Yes,44,No,Yes,DSL,75.4,No,3318.88
3369-AAAA,Male,1,No,Yes,47,No,No,No,49.8,Yes,2328.83
4380-AAAA,Male,1,No,No,53,Yes,No,No,65.51,No,3474.81
9827-AAAA,Male,0,Yes,Yes,46,No,No phone service,DSL,36.36,Yes,1664.31
3011-DDDD,Male,1,No,No,13,No,No,No,50.41,Yes,659.25
2701-DDDD,Male,0,Yes,Yes,37,Yes,Yes,Fiber optic,82.11,No,3028.66
7524-AAAA,Male,0,Yes,Yes,24,No,No,No,50.18,No,1183.42
6607-DDDD,Male,0,No,No,2,No,No phone service,DSL,109.97,No,233.11
3840-BBBB,Female,0,No,No,14,Yes,No phone service,DSL,82.84,Yes,1157.5
5696-CCCC,Male,0,No,No,10,Yes,Yes,Fiber optic,63.86,No,639.1
2997-CCCC,Male,1,No,No,35,Yes,No phone service,DSL,23.88,No,845.77
7889-DDDD,Female,0,Yes,No,25,No,No,DSL,69.95,No,1767.54
9996-DDDD,Female,0,Yes,No,3,No,No phone service,Fiber optic,96.48,No,296.64
3141-DDDD,Female,1,Yes,No,17,Yes,Yes,No,46.56,No,792.55
3881-CCCC,Male,0,Yes,No,12,Yes,No phone service,Fiber optic,100.68,No,1212.79
9994-AAAA,Female,1,Yes,Yes,54,No,No,No,45.18,No,2436.77
6460-AAAA,Male,1,No,No,24,Yes,Yes,Fiber optic,102.37,No,2457.24
3230-CCCC,Male,1,Yes,No,29,No,No,No,28.53,No,828.82
5148-BBBB,Male,0,Yes,Yes,43,Yes,Yes,Fiber optic,106.62,Yes,4576.79
6286-BBBB,Male,0,Yes,No,25,Yes,No phone service,No,69.92,No,1748.21
2123-BBBB,Female,0,No,Yes,60,No,Yes,Fiber optic,49.65,No,2982.67
8150-AAAA,Female,1,No,Yes,65,Yes,Yes,No,46.51,Yes,3028.32
8772-BBBB,Male,0,No,No,28,Yes,No phone service,Fiber optic,63.2,Yes,1773.97
9062-AAAA,Male,1,No,Yes,16,Yes,No,DSL,119.9,No,1905.01
3567-BBBB,Male,0,Yes,No,47,No,No phone service,No,42.03,Yes,1987.7
9994-AAAA,Female,1,Yes,Yes,58,Yes,Yes,Fiber optic,30.32,No,1770.02
7571-BBBB,Male,0,No,Yes,27,Yes,No phone service,No,78.5,No,2118.54
1508-CCCC,Male,0,No,Yes,53,Yes,Yes,No,68.85,No,3653.61
5764-CCCC,Female,0,Yes,No,42,Yes,No phone service,Fiber optic,72.42,Yes,3039.47
8420-DDDD,Female,1,Yes,No,59,Yes,No phone service,No,86.69,No,5122.23
9829-CCCC,Male,1,No,Yes,47,Yes,No,Fiber optic,46.71,No,2187.23
6721-DDDD,Female,0,No,Yes,34,No,Yes,DSL,111.07,No,3789.8
1864-CCCC,Female,0,No,No,37,No,No,No,63.57,No,2359.11
6318-DDDD,Male,1,No,No,6,Yes,Yes,DSL,32.91,No,204.71
6596-CCCC,Female,1,Yes,Yes,7,No,No phone service,No,94.23,No,658.56
7917-AAAA,Male,1,Yes,Yes,25,No,Yes,No,84.31,No,2093.62
9187-DDDD,Female,0,Yes,No,33,Yes,No,No,51.57,No,1710.65
4959-AAAA,Male,1,No,No,55,No,No,Fiber optic,82.15,No,4504.45
7004-BBBB,Male,0,No,No,58,No,No,DSL,41.99,Yes,2444.38
4910-BBBB,Male,1,Yes,No,7,No,Yes,No,64.48,No,443.64
2045-CCCC,Female,0,Yes,No,57,No,No,Fiber optic,109.94,No,6250.71
2920-BBBB,Male,1,Yes,Yes,12,No,No,No,33.35,No,400.21
8951-DDDD,Female,1,Yes,No,16,No,No,Fiber optic,58.67,No,950.55
1214-BBBB,Male,1,No,Yes,43,No,No phone service,No,102.11,Yes,4381.07
9689-CCCC,Male,1,Yes,No,7,No,No phone service,DSL,116.95,Yes,834.64
8164-BBBB,Female,1,Yes,Yes,51,Yes,Yes,DSL,65.39,Yes,3341.46
2100-CCCC,Male,0,Yes,No,32,Yes,Yes,No,70.7,Yes,2263.97
8006-CCCC,Male,1,Yes,No,8,No,No,Fiber optic,77.22,No,613.4
6345-DDDD,Female,1,Yes,Yes,72,No,No phone service,No,113.23,Yes,8148.9
1672-BBBB,Male,1,Yes,Yes,45,Yes,No,Fiber optic,105.82,Yes,4766.2
8447-AAAA,Male,0,Yes,No,59,No,No,No,37.06,No,2195.0
1648-CCCC,Male,1,No,No,4,No,No phone service,Fiber optic,63.68,No,248.79
4476-AAAA,Male,0,No,No,67,Yes,No phone service,DSL,66.4,No,4440.73
2777-BBBB,Female,1,No,No,29,Yes,No phone service,No,98.91,No,2866.25
7373-DDDD,Female,1,No,No,29,Yes,Yes,DSL,80.29,No,2342.35
1504-CCCC,Male,0,Yes,Yes,28,No,Yes,DSL,85.42,Yes,2379.59
8167-DDDD,Female,1,No,Yes,44,No,No,No,119.82,No,5283.5
6503-BBBB,Male,0,No,No,4,Yes,Yes,No,27.5,Yes,110.42
6647-DDDD,Female,0,Yes,Yes,9,Yes,No phone service,Fiber optic,42.3,No,364.17
6901-BBBB,Male,1,Yes,Yes,5,No,No phone service,Fiber optic,60.79,No,299.33
1499-BBBB,Male,0,No,Yes,56,Yes,Yes,DSL,54.78,No,3073.78
1176-CCCC,Male,1,No,No,50,No,No,Fiber optic,22.16,No,1126.02
6928-DDDD,Male,1,Yes,Yes,15,No,No,Fiber optic,29.18,No,424.43
8162-DDDD,Male,0,No,No,32,Yes,Yes,No,88.1,Yes,2791.01
7577-DDDD,Male,0,Yes,Yes,28,Yes,No,Fiber optic,107.93,No,3008.94
5324-CCCC,Female,0,Yes,No,22,No,No,DSL,71.42,No,1582.54
7375-AAAA,Male,0,Yes,Yes,17,Yes,No,Fiber optic,73.92,No,1238.7
8205-BBBB,Female,1,Yes,No,59,Yes,No phone service,DSL,45.51,Yes,2700.06
7808-BBBB,Male,1,No,No,71,Yes,No phone service,No,96.79,No,6884.24
8820-CCCC,Female,0,Yes,Yes,57,Yes,Yes,DSL,95.18,No,5427.17
4891-BBBB,Female,1,Yes,No,26,No,No phone service,Fiber optic,78.84,No,2043.58
2740-CCCC,Female,1,No,No,25,No,No,No,41.27,No,1032.3
1911-BBBB,Male,1,Yes,No,10,No,No phone service,Fiber optic,29.7,No,303.11
7532-CCCC,Male,1,No,No,45,No,Yes,No,26.42,No,1193.48
9311-AAAA,Female,0,No,No,11,Yes,No phone service,No,79.27,No,889.37
1485-DDDD,Male,0,No,No,53,Yes,No,Fiber optic,102.5,No,5429.9
4740-DDDD,Female,1,Yes,No,72,No,No,Fiber optic,105.83,No,7606.75
8383-CCCC,Male,0,No,No,68,No,Yes,No,66.36,No,4497.71
4661-BBBB,Female,0,No,Yes,28,Yes,No phone service,No,98.43,Yes,2739.27
2210-CCCC,Female,0,Yes,Yes,65,No,No phone service,Fiber optic,114.69,Yes,7456.81
2509-BBBB,Male,1,No,No,49,No,No phone service,DSL,47.52,No,2326.14
3543-BBBB,Female,1,No,No,47,Yes,No,Fiber optic,59.8,Yes,2810.93
3999-BBBB,Male,1,No,Yes,52,No,Yes,No,113.15,No,5878.43
8053-DDDD,Female,0,No,Yes,54,Yes,No phone service,Fiber optic,53.82,No,2895.18
4895-CCCC,Female,1,No,Yes,60,Yes,No,DSL,111.39,No,6689.54
6442-DDDD,Male,1,Yes,No,57,No,No,Fiber optic,118.1,No,6707.07
7494-BBBB,Male,0,No,Yes,47,Yes,No,No,86.18,No,4042.44
6943-AAAA,Male,1,No,No,31,No,No phone service,Fiber optic,101.69,Yes,3160.25
5580-DDDD,Female,1,Yes,No,46,Yes,No phone service,No,94.95,No,4358.69
4240-CCCC,Male,0,Yes,Yes,26,No,No phone service,No,89.95,No,2342.62
3669-BBBB,Female,0,Yes,No,5,No,No phone service,Fiber optic,50.69,No,245.45
7978-DDDD,Female,0,No,No,52,No,No phone service,No,25.71,No,1332.36
7863-CCCC,Male,1,Yes,No,54,Yes,No phone service,No,54.31,No,2938.49
8839-DDDD,Male,1,No,No,33,Yes,No phone service,DSL,86.69,Yes,2847.99
5850-BBBB,Female,1,No,Yes,50,No,No phone service,DSL,30.25,No,1519.95
9840-DDDD,Female,0,Yes,Yes,38,Yes,No phone service,DSL,21.19,No,805.68
6894-AAAA,Male,0,Yes,No,27,No,No,DSL,33.97,Yes,929.75
9270-BBBB,Male,1,No,No,15,No,No phone service,No,91.57,No,1375.63
8622-AAAA,Male,1,Yes,Yes,61,Yes,Yes,Fiber optic,117.28,No,7143.39
9141-BBBB,Male,0,No,No,21,No,No,No,118.31,No,2501.79
8584-AAAA,Male,0,Yes,Yes,46,Yes,No phone service,No,69.4,Yes,3182.54
9439-AAAA,Female,0,Yes,No,69,No,Yes,No,106.94,Yes,7376.59
4890-CCCC,Female,0,Yes,No,6,Yes,No phone service,Fiber optic,93.68,No,571.65
8873-AAAA,Female,1,No,Yes,38,No,Yes,DSL,70.1,Yes,2645.0
8014-AAAA,Female,0,Yes,Yes,62,No,Yes,No,77.28,No,4805.76
5711-AAAA,Male,1,No,Yes,62,Yes,Yes,No,33.72,No,2079.13
9195-DDDD,Male,1,No,Yes,46,No,Yes,DSL,113.77,No,5228.87
7223-CCCC,Male,1,No,No,13,No,No,No,55.19,No,720.36
8227-DDDD,Female,0,No,Yes,3,Yes,No,Fiber optic,64.61,No,193.41
5435-BBBB,Female,0,Yes,No,6,No,Yes,No,87.17,Yes,530.91
5726-AAAA,Male,0,No,Yes,8,Yes,No phone service,No,53.39,No,411.11
7564-CCCC,Male,0,No,Yes,44,No,Yes,DSL,45.43,No,2006.19
8950-CCCC,Female,1,Yes,No,33,Yes,No,No,83.1,No,2750.37
9218-CCCC,Female,0,No,Yes,50,No,No phone service,No,22.5,No,1135.29
2151-AAAA,Male,0,Yes,Yes,11,No,No,Fiber optic,92.07,No,996.87
1701-DDDD,Male,1,No,Yes,28,No,No,DSL,71.4,No,1984.51
8620-DDDD,Female,0,Yes,Yes,70,Yes,No phone service,DSL,80.58,Yes,5637.18
9998-AAAA,Male,1,No,No,41,Yes,Yes,Fiber optic,83.19,Yes,3397.18
8930-BBBB,Male,1,Yes,No,16,Yes,Yes,No,72.71,No,1145.32
8444-CCCC,Male,1,No,Yes,68,Yes,Yes,DSL,78.25,No,5317.15
2536-AAAA,Female,1,No,Yes,48,No,Yes,DSL,88.38,No,4244.58
3210-AAAA,Female,1,Yes,Yes,56,No,No phone service,No,95.31,No,5365.35
3456-DDDD,Female,1,Yes,No,64,Yes,No phone service,No,92.75,No,5941.49
5121-BBBB,Female,1,Yes,No,59,Yes,No phone service,DSL,106.96,No,6328.16
6757-DDDD,Female,1,Yes,No,62,Yes,No,No,38.94,No,2413.84
3817-AAAA,Female,0,No,No,11,No,No phone service,DSL,60.11,Yes,666.81
5425-BBBB,Female,0,No,Yes,18,Yes,Yes,No,114.78,No,2064.58
5226-DDDD,Male,0,Yes,Yes,19,Yes,No,No,59.66,No,1160.37
2886-BBBB,Male,0,No,Yes,55,No,Yes,Fiber optic,32.49,Yes,1780.09
5304-AAAA,Male,1,Yes,No,26,No,Yes,No,72.54,No,1880.54
5268-CCCC,Male,0,Yes,Yes,6,Yes,No phone service,Fiber optic,30.95,No,193.67
5418-AAAA,Male,1,No,No,4,No,No phone service,No,40.29,Yes,163.23
3433-DDDD,Male,0,No,No,29,Yes,Yes,DSL,119.83,No,3470.83
1490-CCCC,Male,0,No,Yes,59,No,Yes,DSL,74.14,No,4383.86
6805-AAAA,Female,0,No,Yes,17,Yes,No,No,48.41,Yes,822.56
4301-CCCC,Female,1,No,Yes,43,Yes,No phone service,No,119.48,No,5137.16
3505-DDDD,Male,0,No,No,66,Yes,No,DSL,116.66,Yes,7701.87
3151-CCCC,Male,1,No,No,34,Yes,No,No,64.07,No,2161.04
8150-AAAA,Female,1,Yes,Yes,8,No,No,Fiber optic,46.04,Yes,352.39
5601-AAAA,Male,0,Yes,Yes,13,No,Yes,Fiber optic,103.84,No,1360.79
7210-CCCC,Male,0,Yes,No,8,No,No,Fiber optic,91.56,No,725.71
3026-BBBB,Female,0,Yes,Yes,65,No,No,Fiber optic,88.69,Yes,5763.52
3540-AAAA,Male,1,Yes,No,43,Yes,Yes,Fiber optic,109.31,No,4716.45
8905-CCCC,Female,0,No,No,39,Yes,No phone service,No,88.94,No,3467.78
8815-CCCC,Male,1,Yes,Yes,59,No,No phone service,No,48.38,No,2852.32
5098-CCCC,Female,1,Yes,Yes,44,No,No,Fiber optic,89.39,No,3942.12
2448-DDDD,Female,0,Yes,Yes,9,No,Yes,No,50.58,No,449.24
2243-DDDD,Female,0,Yes,Yes,37,No,No phone service,No,95.92,Yes,3561.07
2597-BBBB,Male,1,Yes,No,36,No,No,Fiber optic,81.97,Yes,2959.68
6823-BBBB,Female,1,Yes,No,28,Yes,No,No,27.74,No,795.02
3590-BBBB,Male,1,Yes,No,42,Yes,Yes,No,71.28,No,2986.86
8703-CCCC,Male,0,No,Yes,43,Yes,No,No,54.33,No,2349.86
8793-AAAA,Male,1,No,No,42,No,No phone service,Fiber optic,52.86,No,2225.66
8766-CCCC,Male,0,Yes,Yes,66,No,Yes,No,80.23,No,5281.93
4786-AAAA,Female,1,No,Yes,55,No,No phone service,DSL,52.23,No,2846.69
7038-BBBB,Female,1,No,Yes,72,No,No phone service,DSL,97.69,No,7025.7
7669-BBBB,Male,0,No,Yes,48,Yes,No phone service,Fiber optic,27.08,Yes,1302.76
9893-CCCC,Male,1,No,Yes,22,Yes,No,DSL,86.04,No,1897.25
1932-DDDD,Female,0,Yes,Yes,27,No,No,Fiber optic,100.92,No,2724.25
9808-AAAA,Male,0,No,No,67,Yes,No phone service,DSL,87.28,No,5847.26
9405-AAAA,Female,1,No,Yes,13,Yes,No phone service,DSL,69.72,Yes,905.1
6599-DDDD,Male,0,No,No,45,No,Yes,DSL,115.03,No,5186.66
3828-AAAA,Male,0,Yes,No,10,No,Yes,Fiber optic,49.99,No,485.54
6836-DDDD,Female,1,Yes,Yes,9,No,No,Fiber optic,21.92,Yes,199.96
6992-CCCC,Male,0,Yes,Yes,54,No,No,No,63.2,No,3404.57
6359-DDDD,Female,0,Yes,Yes,27,No,Yes,Fiber optic,23.3,No,620.03
3172-BBBB,Male,0,Yes,No,34,No,No phone service,DSL,115.39,No,3935.02
6490-AAAA,Male,1,Yes,Yes,1,Yes,No,DSL,40.99,No,31.16
7688-AAAA,Male,0,Yes,No,32,Yes,No phone service,Fiber optic,98.89,No,3163.08
8946-BBBB,Female,1,No,Yes,71,No,Yes,Fiber optic,97.46,Yes,6939.24
1205-BBBB,Male,1,No,Yes,67,Yes,No,Fiber optic,41.77,Yes,2806.97
3496-DDDD,Male,0,No,No,20,No,No,No,82.12,No,1637.85
5758-DDDD,Male,0,Yes,No,35,No,Yes,DSL,24.81,No,864.63
6297-AAAA,Male,0,Yes,Yes,17,No,No,No,68.36,Yes,1149.85
2493-DDDD,Female,1,Yes,No,18,No,Yes,No,21.46,No,399.29
4124-AAAA,Female,0,Yes,No,45,Yes,No,DSL,112.11,No,5055.06
2703-AAAA,Male,0,Yes,No,53,No,Yes,DSL,117.61,No,6240.2
8872-DDDD,Female,0,No,No,68,Yes,No,Fiber optic,42.23,Yes,2879.61
3959-CCCC,Male,0,No,No,65,No,No phone service,Fiber optic,40.81,No,2644.9
6964-DDDD,Male,0,Yes,Yes,1,No,No phone service,No,95.37,Yes,79.89
7647-BBBB,Male,1,Yes,Yes,58,No,No phone service,Fiber optic,45.34,No,2635.33
6386-AAAA,Female,1,Yes,No,26,Yes,No,Fiber optic,109.51,No,2856.15
7113-AAAA,Female,0,Yes,Yes,20,No,No,DSL,77.39,No,1563.87
5824-CCCC,Female,0,No,Yes,10,No,No phone service,DSL,55.08,Yes,548.79
5827-CCCC,Female,0,Yes,No,59,No,No phone service,Fiber optic,103.27,Yes,6089.46
2367-CCCC,Female,0,Yes,Yes,41,Yes,Yes,DSL,69.34,No,2840.55
2233-BBBB,Female,1,Yes,No,5,Yes,Yes,Fiber optic,111.16,No,562.51
4640-CCCC,Female,0,Yes,No,65,Yes,Yes,DSL,112.8,No,7329.18
5084-BBBB,Female,1,No,Yes,17,No,No phone service,DSL,36.54,No,620.66
5904-DDDD,Female,1,Yes,No,22,Yes,No phone service,DSL,20.23,No,453.37
3113-BBBB,Male,0,Yes,No,41,No,No phone service,DSL,118.39,No,4847.73
7937-BBBB,Female,1,No,No,68,Yes,Yes,Fiber optic,110.61,Yes,7535.39
5872-CCCC,Female,1,No,No,69,Yes,No,No,25.54,Yes,1768.59
8822-DDDD,Female,1,No,No,11,No,No phone service,DSL,103.3,Yes,1117.72
6899-DDDD,Female,1,Yes,Yes,56,Yes,No,Fiber optic,65.78,No,3678.53
5179-AAAA,Female,0,Yes,Yes,51,No,No,Fiber optic,45.9,No,2320.66
3639-AAAA,Female,0,No,No,21,No,No,DSL,107.87,No,2263.3
7979-DDDD,Female,1,No,No,26,Yes,Yes,No,39.67,Yes,1026.44
1866-BBBB,Female,0,No,Yes,19,No,No,DSL,114.73,Yes,2188.22
8981-CCCC,Female,0,No,No,60,No,No phone service,Fiber optic,40.56,Yes,2424.79
5803-DDDD,Female,0,No,Yes,71,Yes,Yes,No,81.37,No,5781.15
1473-CCCC,Female,0,No,No,47,Yes,No phone service,Fiber optic,42.31,No,1994.26
2754-DDDD,Male,0,Yes,No,71,No,No phone service,DSL,74.57,No,5297.04
2951-AAAA,Male,1,Yes,No,26,Yes,Yes,No,88.4,Yes,2309.8
6816-AAAA,Female,0,Yes,No,40,No,No phone service,Fiber optic,39.02,Yes,1581.48
9321-AAAA,Female,0,No,No,5,No,No phone service,Fiber optic,72.09,Yes,361.57
8260-CCCC,Male,0,No,No,21,Yes,Yes,Fiber optic,66.91,Yes,1409.16
