transaction_id,customer_id,amount,transaction_time,merchant,device_type,location,is_fraud
TX00001,1014,1644.97,2023-01-19 00:09:00,eBay,tablet,San Francisco,0
TX00002,1021,950.85,2023-11-03 22:15:00,Target,tablet,Houston,0
TX00003,1099,1493.03,2023-05-29 21:04:00,eBay,mobile,San Francisco,0
TX00004,1081,856.94,2023-11-23 11:55:00,Amazon,desktop,Houston,0
TX00005,1078,153.46,2023-03-21 15:32:00,Target,mobile,Phoenix,0
TX00006,1054,728.21,2023-10-27 06:35:00,Apple Store,desktop,Los Angeles,0
TX00007,1098,1997.27,2023-09-22 14:37:00,Target,mobile,Houston,1
TX00008,1036,453.33,2023-01-14 23:43:00,Starbucks,tablet,New York,0
TX00009,1024,1025.41,2023-09-09 22:40:00,Target,desktop,Houston,0
TX00010,1004,89.26,2023-01-29 02:55:00,Amazon,desktop,Los Angeles,0
TX00011,1093,301.12,2023-06-18 01:26:00,eBay,tablet,Phoenix,0
TX00012,1089,1218.2,2023-12-31 04:07:00,Apple Store,desktop,New York,0
TX00013,1079,1468.6,2023-02-08 13:42:00,Starbucks,desktop,Chicago,0
TX00014,1045,339.42,2023-02-19 21:19:00,Amazon,desktop,Los Angeles,0
TX00015,1023,637.57,2023-08-08 17:41:00,Target,tablet,San Francisco,0
TX00016,1022,573.31,2023-07-08 14:49:00,Target,desktop,Phoenix,1
TX00017,1068,1791.75,2023-10-19 20:01:00,Walmart,mobile,Chicago,0
TX00018,1048,1331.02,2023-03-26 19:03:00,eBay,desktop,Houston,0
TX00019,1003,19.89,2023-12-27 23:54:00,Walmart,mobile,San Francisco,0
TX00020,1051,1311.77,2023-09-18 04:46:00,Starbucks,mobile,Phoenix,0
TX00021,1050,1644.69,2023-06-23 03:59:00,Amazon,tablet,Houston,0
TX00022,1039,1467.43,2023-11-18 03:14:00,Starbucks,tablet,New York,0
TX00023,1002,414.37,2023-06-09 03:43:00,Target,mobile,Phoenix,0
TX00024,1052,1823.16,2023-01-06 23:09:00,Target,desktop,Houston,0
TX00025,1072,802.55,2023-10-17 05:02:00,Amazon,mobile,New York,0
TX00026,1098,1542.65,2023-06-05 04:11:00,Target,mobile,San Francisco,1
TX00027,1085,123.0,2023-11-03 22:44:00,Walmart,tablet,Los Angeles,0
TX00028,1029,560.85,2023-02-16 10:21:00,Amazon,mobile,Phoenix,0
TX00029,1100,1801.41,2023-09-04 10:40:00,Amazon,mobile,Phoenix,0
TX00030,1036,1160.16,2023-05-01 16:36:00,Target,mobile,New York,0
TX00031,1016,1725.97,2023-02-02 20:29:00,Amazon,desktop,Phoenix,0
TX00032,1054,1410.42,2023-01-02 17:43:00,Apple Store,tablet,San Francisco,0
TX00033,1023,1875.53,2023-01-14 00:44:00,Apple Store,desktop,Phoenix,1
TX00034,1027,827.22,2023-02-28 06:04:00,Target,tablet,New York,0
TX00035,1015,1661.13,2023-05-16 18:05:00,Amazon,tablet,Chicago,1
TX00036,1010,1407.49,2023-11-28 06:33:00,Target,mobile,Houston,0
TX00037,1092,632.62,2023-01-24 17:15:00,Walmart,desktop,Los Angeles,0
TX00038,1074,1298.01,2023-08-16 17:02:00,eBay,tablet,Phoenix,0
TX00039,1024,929.82,2023-02-24 13:49:00,Amazon,desktop,Chicago,0
TX00040,1090,1773.19,2023-11-22 06:06:00,Apple Store,mobile,Chicago,0
TX00041,1037,1040.27,2023-07-12 10:58:00,Walmart,desktop,San Francisco,0
TX00042,1087,1089.86,2023-10-06 15:15:00,Apple Store,desktop,Los Angeles,0
TX00043,1050,701.1,2023-08-03 08:55:00,Walmart,desktop,Chicago,0
TX00044,1014,1504.02,2023-09-09 16:59:00,Starbucks,mobile,Chicago,1
TX00045,1078,1431.3,2023-07-25 18:20:00,Target,mobile,New York,0
TX00046,1079,1007.75,2023-02-14 12:05:00,Starbucks,desktop,Chicago,0
TX00047,1085,834.2,2023-01-17 09:40:00,Amazon,mobile,San Francisco,0
TX00048,1070,1791.71,2023-07-10 15:34:00,Walmart,tablet,San Francisco,0
TX00049,1068,1740.56,2023-10-09 06:23:00,Starbucks,tablet,Los Angeles,1
TX00050,1052,1177.69,2023-11-15 07:12:00,eBay,mobile,Chicago,0
TX00051,1013,414.34,2023-08-08 00:44:00,Amazon,desktop,San Francisco,0
TX00052,1100,1836.77,2023-04-09 04:46:00,Apple Store,mobile,Phoenix,1
TX00053,1092,1009.25,2023-07-21 16:31:00,Target,desktop,San Francisco,0
TX00054,1085,1439.13,2023-06-26 03:34:00,Apple Store,tablet,Chicago,0
TX00055,1050,499.78,2023-09-14 11:06:00,Target,desktop,San Francisco,0
TX00056,1035,336.0,2023-02-09 09:26:00,Apple Store,tablet,New York,0
TX00057,1037,1112.74,2023-05-07 21:48:00,eBay,mobile,Phoenix,0
TX00058,1070,1600.62,2023-05-26 16:11:00,Starbucks,tablet,New York,1
TX00059,1037,1907.01,2023-03-21 07:57:00,Starbucks,desktop,Los Angeles,0
TX00060,1017,1027.13,2023-11-29 19:44:00,eBay,mobile,Houston,0
TX00061,1029,747.02,2023-05-16 17:33:00,Target,tablet,Houston,0
TX00062,1089,624.21,2023-09-05 07:13:00,Walmart,tablet,Phoenix,0
TX00063,1085,526.78,2023-06-23 14:32:00,eBay,mobile,Los Angeles,0
TX00064,1013,788.39,2023-12-09 10:37:00,Target,desktop,New York,0
TX00065,1096,956.63,2023-08-29 14:34:00,Target,mobile,Chicago,0
TX00066,1039,940.06,2023-01-04 06:41:00,Amazon,mobile,New York,0
TX00067,1072,582.03,2023-09-24 06:02:00,eBay,desktop,Phoenix,1
TX00068,1006,856.69,2023-06-05 00:26:00,Target,mobile,San Francisco,0
TX00069,1040,650.52,2023-12-05 21:14:00,Starbucks,tablet,Phoenix,0
TX00070,1010,742.77,2023-06-23 20:06:00,Apple Store,tablet,Chicago,0
TX00071,1078,1182.29,2023-11-13 14:12:00,Apple Store,mobile,San Francisco,0
TX00072,1012,439.91,2023-05-21 19:12:00,Walmart,mobile,Los Angeles,0
TX00073,1003,445.03,2023-12-02 15:44:00,Apple Store,tablet,Houston,0
TX00074,1007,457.02,2023-12-04 07:41:00,Target,mobile,Phoenix,0
TX00075,1002,713.97,2023-11-14 04:53:00,Starbucks,desktop,Phoenix,0
TX00076,1034,1758.11,2023-08-26 00:36:00,Target,tablet,Phoenix,1
TX00077,1080,177.34,2023-08-05 02:42:00,eBay,tablet,Phoenix,0
TX00078,1056,635.84,2023-05-02 11:12:00,Amazon,tablet,Los Angeles,0
TX00079,1000,415.95,2023-02-10 20:15:00,Walmart,desktop,Chicago,0
TX00080,1092,333.96,2023-01-12 02:05:00,Starbucks,desktop,Chicago,0
TX00081,1007,1676.46,2023-06-24 06:25:00,Amazon,tablet,Chicago,0
TX00082,1077,233.74,2023-11-07 07:41:00,Starbucks,desktop,Houston,0
TX00083,1050,1452.29,2023-09-14 13:04:00,Target,tablet,New York,0
TX00084,1000,367.37,2023-09-26 04:09:00,Apple Store,mobile,Houston,0
TX00085,1029,1217.62,2023-08-26 12:09:00,eBay,tablet,New York,0
TX00086,1023,1080.99,2023-09-13 09:23:00,Walmart,mobile,Chicago,0
TX00087,1047,1083.52,2023-02-02 16:09:00,eBay,mobile,New York,0
TX00088,1093,66.38,2023-03-12 19:04:00,Apple Store,mobile,Phoenix,0
TX00089,1020,1110.15,2023-03-18 08:55:00,Amazon,tablet,New York,0
TX00090,1034,1677.8,2023-11-07 23:48:00,Apple Store,desktop,New York,1
TX00091,1084,1228.25,2023-05-05 19:42:00,Walmart,tablet,Chicago,0
TX00092,1010,622.26,2023-07-28 11:44:00,Starbucks,desktop,Phoenix,0
TX00093,1096,310.8,2023-04-11 07:10:00,Apple Store,tablet,Phoenix,0
TX00094,1075,1068.31,2023-12-19 02:24:00,Starbucks,mobile,Houston,0
TX00095,1000,1069.83,2023-05-30 22:04:00,eBay,mobile,Houston,0
TX00096,1076,1515.13,2023-05-14 21:13:00,Apple Store,desktop,Phoenix,1
TX00097,1006,1129.74,2023-11-25 20:24:00,Walmart,desktop,Los Angeles,0
TX00098,1040,1499.57,2023-04-24 13:14:00,eBay,mobile,New York,0
TX00099,1040,1071.24,2023-02-12 18:37:00,Starbucks,tablet,New York,0
TX00100,1003,783.17,2023-10-04 23:51:00,Amazon,tablet,Los Angeles,0
TX00101,1100,1308.35,2023-09-14 13:30:00,Apple Store,mobile,Los Angeles,0
TX00102,1018,779.97,2023-06-09 06:37:00,Amazon,mobile,San Francisco,0
TX00103,1052,1715.89,2023-11-01 20:38:00,Starbucks,desktop,Chicago,1
TX00104,1064,478.21,2023-06-24 08:30:00,Apple Store,desktop,Chicago,0
TX00105,1057,1323.41,2023-12-26 03:32:00,eBay,mobile,San Francisco,0
TX00106,1070,493.15,2023-06-03 02:29:00,Amazon,mobile,San Francisco,0
TX00107,1001,1469.68,2023-07-26 07:58:00,Starbucks,desktop,Phoenix,0
TX00108,1061,1017.46,2023-08-31 17:18:00,Walmart,mobile,Houston,0
TX00109,1093,399.66,2023-04-04 06:13:00,Starbucks,tablet,Los Angeles,0
TX00110,1056,588.47,2023-10-06 03:00:00,Starbucks,mobile,Phoenix,0
TX00111,1025,1607.13,2023-02-06 23:00:00,Target,tablet,San Francisco,0
TX00112,1034,1808.22,2023-12-11 11:36:00,Walmart,mobile,Chicago,1
TX00113,1036,479.62,2023-03-30 03:54:00,Apple Store,tablet,Los Angeles,0
TX00114,1016,1538.13,2023-01-03 12:35:00,eBay,desktop,Los Angeles,1
TX00115,1031,476.06,2023-02-11 21:49:00,Amazon,mobile,New York,0
TX00116,1001,1433.77,2023-10-19 00:35:00,Target,mobile,Chicago,0
TX00117,1084,366.56,2023-04-01 15:13:00,Starbucks,tablet,Chicago,0
TX00118,1017,1908.88,2023-05-21 19:56:00,Target,mobile,New York,0
TX00119,1073,1811.46,2023-05-15 19:26:00,Walmart,desktop,Chicago,1
TX00120,1039,1066.02,2023-08-09 02:36:00,Amazon,mobile,New York,0
TX00121,1069,163.7,2023-09-30 04:02:00,Target,mobile,New York,0
TX00122,1051,1463.97,2023-12-07 05:45:00,Walmart,tablet,San Francisco,0
TX00123,1020,1893.26,2023-03-14 10:34:00,Apple Store,tablet,Los Angeles,0
TX00124,1046,929.81,2023-05-25 10:57:00,Amazon,tablet,New York,0
TX00125,1035,310.05,2023-09-03 04:25:00,Target,tablet,San Francisco,0
TX00126,1018,1742.73,2023-11-07 08:51:00,Apple Store,tablet,New York,0
TX00127,1044,1695.95,2023-05-15 21:27:00,Walmart,mobile,San Francisco,0
TX00128,1083,391.72,2023-06-08 18:48:00,eBay,mobile,Houston,0
TX00129,1070,934.42,2023-03-22 02:07:00,Target,tablet,Phoenix,0
TX00130,1070,1511.74,2023-03-08 13:06:00,Starbucks,desktop,Houston,0
TX00131,1062,514.47,2023-03-26 18:19:00,Apple Store,mobile,Los Angeles,0
TX00132,1077,1067.45,2023-10-18 15:06:00,Apple Store,desktop,New York,0
TX00133,1071,1036.26,2023-08-01 02:46:00,Walmart,mobile,New York,0
TX00134,1078,231.77,2023-10-24 20:44:00,Starbucks,tablet,Chicago,0
TX00135,1076,1809.04,2023-03-20 07:56:00,Amazon,tablet,Phoenix,0
TX00136,1011,38.72,2023-07-06 20:41:00,Starbucks,tablet,Houston,0
TX00137,1042,560.87,2023-04-17 11:40:00,Apple Store,desktop,Phoenix,0
TX00138,1045,1049.25,2023-08-14 12:41:00,Target,desktop,San Francisco,0
TX00139,1061,1112.93,2023-07-15 04:43:00,Apple Store,tablet,New York,0
TX00140,1031,46.58,2023-05-09 11:58:00,Amazon,desktop,Houston,0
TX00141,1035,1374.96,2023-06-12 20:40:00,Target,tablet,New York,0
TX00142,1051,434.99,2023-12-01 16:57:00,Target,mobile,Phoenix,0
TX00143,1063,92.38,2023-04-02 14:41:00,Amazon,desktop,New York,0
TX00144,1048,1763.57,2023-02-12 07:13:00,Apple Store,tablet,Los Angeles,0
TX00145,1030,919.19,2023-08-02 09:42:00,Amazon,tablet,San Francisco,0
TX00146,1043,768.88,2023-03-11 04:06:00,Target,desktop,Los Angeles,0
TX00147,1021,1418.19,2023-11-19 13:44:00,Starbucks,desktop,San Francisco,0
TX00148,1065,158.95,2023-08-03 06:54:00,Walmart,desktop,Chicago,0
TX00149,1098,318.52,2023-01-20 16:47:00,Target,desktop,Los Angeles,0
TX00150,1060,392.17,2023-01-18 15:43:00,Walmart,tablet,Phoenix,0
TX00151,1022,125.14,2023-05-15 08:48:00,Target,desktop,Los Angeles,0
TX00152,1000,946.85,2023-12-08 07:26:00,Amazon,mobile,Phoenix,0
TX00153,1003,195.74,2023-01-20 22:54:00,Walmart,desktop,San Francisco,0
TX00154,1085,444.35,2023-09-20 21:13:00,Starbucks,tablet,New York,0
TX00155,1074,810.72,2023-01-24 08:30:00,eBay,desktop,Chicago,0
TX00156,1054,21.24,2023-06-18 22:41:00,Amazon,mobile,Phoenix,0
TX00157,1028,685.4,2023-03-24 07:03:00,eBay,mobile,San Francisco,0
TX00158,1088,593.38,2023-12-05 10:10:00,Walmart,tablet,Phoenix,0
TX00159,1075,527.25,2023-09-09 05:26:00,Amazon,mobile,Phoenix,0
TX00160,1094,1797.3,2023-02-10 06:13:00,Apple Store,mobile,San Francisco,1
TX00161,1031,1404.94,2023-09-04 10:26:00,Walmart,mobile,San Francisco,0
TX00162,1073,1961.23,2023-09-30 09:06:00,eBay,desktop,Phoenix,0
TX00163,1061,1103.82,2023-09-16 09:25:00,Target,desktop,New York,0
TX00164,1079,1914.8,2023-12-29 03:02:00,Starbucks,desktop,Phoenix,1
TX00165,1000,868.91,2023-10-06 22:39:00,Walmart,mobile,Los Angeles,0
TX00166,1016,809.51,2023-07-01 05:53:00,Target,tablet,Phoenix,0
TX00167,1086,234.58,2023-03-15 16:56:00,Amazon,tablet,Phoenix,0
TX00168,1032,895.88,2023-06-07 02:40:00,eBay,tablet,Houston,0
TX00169,1039,685.96,2023-02-14 15:46:00,eBay,desktop,Los Angeles,0
TX00170,1052,39.88,2023-11-26 02:56:00,eBay,mobile,Phoenix,0
TX00171,1014,1858.64,2023-09-09 16:07:00,Starbucks,mobile,Chicago,1
TX00172,1017,1751.5,2023-01-27 15:14:00,Amazon,tablet,Los Angeles,1
TX00173,1074,50.7,2023-10-22 03:34:00,Apple Store,desktop,San Francisco,0
TX00174,1088,1594.58,2023-04-22 18:49:00,Amazon,mobile,Phoenix,1
TX00175,1066,1895.55,2023-10-22 07:04:00,Walmart,desktop,San Francisco,0
TX00176,1075,706.78,2023-10-06 17:57:00,Walmart,mobile,New York,0
TX00177,1046,602.47,2023-09-01 03:15:00,Apple Store,tablet,New York,0
TX00178,1078,642.19,2023-01-18 13:45:00,eBay,desktop,San Francisco,0
TX00179,1092,371.58,2023-10-31 10:12:00,Apple Store,tablet,Houston,0
TX00180,1025,226.93,2023-08-27 01:27:00,Target,tablet,Houston,0
TX00181,1080,1399.15,2023-01-03 03:11:00,Amazon,tablet,Los Angeles,0
TX00182,1022,790.93,2023-12-04 18:02:00,eBay,tablet,San Francisco,0
TX00183,1058,897.93,2023-08-02 15:54:00,eBay,mobile,San Francisco,0
TX00184,1004,1402.28,2023-07-09 16:03:00,eBay,desktop,San Francisco,0
TX00185,1013,649.03,2023-08-04 21:05:00,Amazon,desktop,San Francisco,0
TX00186,1068,406.39,2023-03-29 23:57:00,Walmart,mobile,Los Angeles,0
TX00187,1073,1636.13,2023-05-12 08:30:00,eBay,desktop,Los Angeles,0
TX00188,1002,177.44,2023-10-30 11:45:00,eBay,desktop,Los Angeles,0
TX00189,1031,550.26,2023-09-15 09:58:00,Apple Store,mobile,Chicago,0
TX00190,1005,243.8,2023-08-20 00:19:00,Amazon,mobile,Houston,0
TX00191,1070,1549.84,2023-01-26 09:40:00,Apple Store,desktop,Houston,1
TX00192,1069,126.7,2023-09-12 01:42:00,Target,tablet,Los Angeles,0
TX00193,1084,1371.87,2023-05-06 03:30:00,Target,mobile,Chicago,0
TX00194,1004,1598.82,2023-07-21 16:09:00,Starbucks,tablet,Chicago,0
TX00195,1079,142.61,2023-01-04 17:26:00,Walmart,mobile,Phoenix,0
TX00196,1036,1775.74,2023-12-29 12:51:00,Target,tablet,New York,1
TX00197,1032,1367.42,2023-05-09 23:57:00,Apple Store,desktop,Chicago,0
TX00198,1051,1076.99,2023-08-16 16:34:00,eBay,desktop,Los Angeles,0
TX00199,1060,976.7,2023-07-10 06:36:00,Target,mobile,Los Angeles,0
TX00200,1034,1541.96,2023-09-24 00:29:00,Target,mobile,San Francisco,1
TX00201,1074,110.22,2023-07-01 19:20:00,Target,tablet,New York,0
TX00202,1056,372.3,2023-12-10 02:35:00,Walmart,tablet,Chicago,0
TX00203,1033,684.98,2023-07-10 01:09:00,Amazon,tablet,Phoenix,0
TX00204,1085,1021.17,2023-04-03 02:37:00,Walmart,tablet,Phoenix,0
TX00205,1048,140.63,2023-02-02 17:34:00,Walmart,desktop,New York,0
TX00206,1056,1784.09,2023-10-17 12:01:00,Amazon,tablet,Phoenix,0
TX00207,1068,625.28,2023-11-05 20:21:00,Target,desktop,Los Angeles,0
TX00208,1034,758.5,2023-06-27 04:47:00,eBay,mobile,Houston,0
TX00209,1033,174.17,2023-04-14 07:58:00,eBay,mobile,Los Angeles,0
TX00210,1051,1174.27,2023-05-19 03:43:00,Target,mobile,Houston,0
TX00211,1098,821.87,2023-02-19 10:24:00,Apple Store,tablet,Phoenix,0
TX00212,1062,448.4,2023-12-07 07:41:00,Amazon,desktop,New York,0
TX00213,1068,342.09,2023-11-18 10:11:00,Starbucks,mobile,Houston,0
TX00214,1023,1796.36,2023-11-10 08:06:00,Apple Store,tablet,Phoenix,0
TX00215,1020,645.35,2023-12-03 13:41:00,Walmart,mobile,New York,0
TX00216,1075,139.2,2023-07-08 20:21:00,Walmart,tablet,Houston,0
TX00217,1027,1477.61,2023-07-17 02:31:00,Apple Store,desktop,Phoenix,0
TX00218,1092,1243.53,2023-02-17 01:52:00,Amazon,tablet,San Francisco,0
TX00219,1074,637.33,2023-02-18 05:43:00,Walmart,desktop,Chicago,0
TX00220,1011,1320.31,2023-11-18 12:03:00,Starbucks,desktop,Houston,0
TX00221,1022,1698.05,2023-06-19 10:15:00,eBay,mobile,New York,1
TX00222,1071,310.11,2023-05-29 04:03:00,Apple Store,tablet,Los Angeles,0
TX00223,1063,1954.54,2023-09-11 07:04:00,Target,desktop,Chicago,0
TX00224,1073,750.82,2023-01-12 22:16:00,Starbucks,desktop,San Francisco,0
TX00225,1030,117.4,2023-11-16 08:48:00,eBay,tablet,Los Angeles,0
TX00226,1040,1362.33,2023-07-19 01:57:00,eBay,tablet,Los Angeles,0
TX00227,1024,1745.04,2023-08-25 04:04:00,Target,mobile,New York,1
TX00228,1059,287.42,2023-12-15 03:38:00,eBay,tablet,Phoenix,0
TX00229,1073,1662.75,2023-06-03 18:49:00,Target,tablet,Houston,0
TX00230,1083,1161.29,2023-12-12 10:02:00,Starbucks,mobile,Chicago,0
TX00231,1034,1295.29,2023-06-26 14:17:00,Target,desktop,Houston,0
TX00232,1071,385.02,2023-01-26 11:45:00,eBay,mobile,Chicago,0
TX00233,1051,562.79,2023-04-21 20:46:00,eBay,desktop,Phoenix,1
TX00234,1024,1228.49,2023-07-29 02:21:00,Walmart,tablet,Phoenix,0
TX00235,1057,1805.84,2023-05-11 13:10:00,Amazon,tablet,Los Angeles,1
TX00236,1024,72.18,2023-11-21 09:51:00,eBay,desktop,Houston,0
TX00237,1097,1549.41,2023-07-03 11:42:00,Starbucks,mobile,Phoenix,1
TX00238,1057,474.78,2023-01-13 15:15:00,Target,mobile,New York,0
TX00239,1049,1260.48,2023-09-29 07:54:00,Walmart,desktop,New York,0
TX00240,1049,113.24,2023-04-07 16:32:00,Starbucks,tablet,San Francisco,0
TX00241,1061,1168.51,2023-09-12 14:36:00,Starbucks,mobile,Phoenix,0
TX00242,1080,1370.28,2023-07-10 20:20:00,eBay,tablet,Chicago,0
TX00243,1022,977.34,2023-01-22 21:13:00,Amazon,mobile,San Francisco,0
TX00244,1040,364.33,2023-03-23 07:31:00,eBay,mobile,Los Angeles,0
TX00245,1072,831.33,2023-07-31 22:09:00,Starbucks,desktop,San Francisco,0
TX00246,1072,823.64,2023-12-09 01:04:00,Starbucks,desktop,Houston,0
TX00247,1075,382.54,2023-03-29 23:24:00,eBay,desktop,Houston,0
TX00248,1094,259.74,2023-09-13 00:35:00,Apple Store,mobile,New York,0
TX00249,1087,605.72,2023-11-04 17:42:00,Starbucks,desktop,San Francisco,0
TX00250,1019,173.37,2023-01-10 11:47:00,eBay,mobile,Los Angeles,0
TX00251,1004,1459.54,2023-06-26 23:42:00,eBay,desktop,Phoenix,0
TX00252,1096,114.41,2023-04-09 00:44:00,eBay,mobile,San Francisco,0
TX00253,1017,1847.73,2023-11-21 22:50:00,Apple Store,tablet,New York,1
TX00254,1071,1293.18,2023-02-26 20:43:00,Apple Store,desktop,New York,0
TX00255,1054,1790.85,2023-06-08 23:25:00,Starbucks,desktop,Phoenix,0
TX00256,1099,1249.94,2023-11-04 01:12:00,Walmart,mobile,Chicago,0
TX00257,1041,1205.29,2023-04-26 02:27:00,Apple Store,desktop,San Francisco,0
TX00258,1061,999.16,2023-08-10 22:42:00,eBay,tablet,Chicago,0
TX00259,1028,1611.75,2023-07-22 07:01:00,Target,mobile,Phoenix,1
TX00260,1072,140.85,2023-09-24 21:27:00,Target,mobile,Chicago,0
TX00261,1096,1564.34,2023-04-09 18:55:00,Target,mobile,San Francisco,1
TX00262,1095,1129.97,2023-02-10 02:41:00,Amazon,desktop,Houston,0
TX00263,1088,970.9,2023-11-05 21:10:00,Apple Store,desktop,New York,0
TX00264,1003,180.93,2023-12-07 06:22:00,Apple Store,desktop,Houston,0
TX00265,1062,1448.81,2023-05-28 13:08:00,Amazon,desktop,Phoenix,1
TX00266,1016,743.48,2023-07-12 20:55:00,Amazon,mobile,New York,0
TX00267,1095,333.68,2023-11-27 21:38:00,Apple Store,tablet,Chicago,0
TX00268,1075,1691.94,2023-03-07 18:37:00,Amazon,desktop,Phoenix,0
TX00269,1074,1022.34,2023-04-29 02:34:00,Walmart,mobile,Houston,0
TX00270,1097,1909.41,2023-08-15 13:14:00,Walmart,desktop,Chicago,1
TX00271,1022,1659.55,2023-03-06 14:40:00,Target,tablet,Los Angeles,1
TX00272,1100,1112.23,2023-12-05 12:46:00,Starbucks,tablet,Phoenix,0
TX00273,1041,1363.14,2023-01-25 08:01:00,Amazon,desktop,San Francisco,0
TX00274,1009,502.58,2023-01-14 18:50:00,eBay,desktop,Phoenix,0
TX00275,1052,77.19,2023-04-01 10:00:00,Amazon,desktop,Los Angeles,0
TX00276,1022,1241.87,2023-07-02 23:14:00,Amazon,desktop,San Francisco,0
TX00277,1094,1236.56,2023-08-13 23:08:00,Apple Store,mobile,Phoenix,0
TX00278,1022,1009.22,2023-10-18 03:50:00,Apple Store,tablet,Phoenix,0
TX00279,1018,1591.95,2023-06-24 07:22:00,Apple Store,tablet,Houston,1
TX00280,1035,729.26,2023-12-16 13:57:00,Starbucks,mobile,Phoenix,0
TX00281,1031,1328.31,2023-08-29 21:07:00,Starbucks,desktop,Phoenix,0
TX00282,1037,1229.59,2023-05-30 10:14:00,Walmart,mobile,Phoenix,0
TX00283,1040,542.77,2023-12-08 01:27:00,Target,tablet,Chicago,0
TX00284,1080,271.44,2023-07-01 17:58:00,Amazon,mobile,Los Angeles,0
TX00285,1078,1616.4,2023-09-05 17:32:00,eBay,tablet,Chicago,0
TX00286,1018,542.25,2023-02-13 03:54:00,Amazon,mobile,New York,0
TX00287,1085,257.23,2023-07-09 02:09:00,eBay,tablet,San Francisco,0
TX00288,1086,582.85,2023-09-24 04:34:00,Target,mobile,Houston,0
TX00289,1083,1717.49,2023-10-05 04:59:00,Starbucks,tablet,San Francisco,1
TX00290,1034,308.88,2023-06-26 21:17:00,Starbucks,desktop,San Francisco,0
TX00291,1080,64.32,2023-05-03 04:23:00,Target,desktop,Los Angeles,0
TX00292,1015,1725.36,2023-05-04 21:32:00,Walmart,desktop,Houston,0
TX00293,1094,955.07,2023-07-19 20:32:00,Walmart,desktop,Los Angeles,0
TX00294,1077,358.87,2023-11-02 17:14:00,Walmart,tablet,Phoenix,0
TX00295,1025,540.6,2023-04-21 08:34:00,eBay,desktop,New York,0
TX00296,1083,1850.5,2023-08-18 10:26:00,Walmart,desktop,Houston,0
TX00297,1024,1337.27,2023-12-31 22:18:00,Walmart,desktop,Los Angeles,0
TX00298,1087,279.86,2023-03-23 03:43:00,Walmart,desktop,Phoenix,1
TX00299,1062,1971.06,2023-01-06 06:26:00,Walmart,tablet,New York,1
TX00300,1094,1674.7,2023-03-03 06:29:00,Starbucks,mobile,San Francisco,1
TX00301,1020,1820.62,2023-11-12 07:15:00,Starbucks,tablet,New York,1
TX00302,1041,1595.65,2023-09-11 02:00:00,Apple Store,mobile,New York,1
TX00303,1099,1934.84,2023-04-22 17:28:00,Starbucks,desktop,Los Angeles,1
TX00304,1032,1868.91,2023-07-10 23:25:00,Starbucks,desktop,Los Angeles,0
TX00305,1061,263.47,2023-10-08 01:39:00,eBay,desktop,Chicago,0
TX00306,1020,886.06,2023-10-31 08:39:00,Amazon,mobile,Phoenix,0
TX00307,1071,1217.85,2023-09-13 10:47:00,Walmart,mobile,Los Angeles,0
TX00308,1037,1409.81,2023-12-09 00:21:00,Target,tablet,Los Angeles,0
TX00309,1019,1003.28,2023-08-14 17:26:00,Walmart,desktop,Houston,0
TX00310,1003,1636.05,2023-02-25 14:53:00,Apple Store,mobile,New York,0
TX00311,1077,792.83,2023-08-30 05:05:00,Walmart,mobile,Phoenix,0
TX00312,1085,589.66,2023-03-27 03:55:00,Walmart,tablet,Houston,0
TX00313,1096,572.41,2023-11-18 20:51:00,eBay,desktop,San Francisco,0
TX00314,1019,536.66,2023-06-26 00:32:00,Starbucks,tablet,New York,0
TX00315,1043,657.41,2023-11-23 10:35:00,Starbucks,mobile,Houston,0
TX00316,1012,1601.69,2023-09-12 20:45:00,Amazon,mobile,Los Angeles,1
TX00317,1079,827.79,2023-03-09 17:59:00,Apple Store,mobile,San Francisco,0
TX00318,1032,1402.69,2023-01-31 03:18:00,Walmart,mobile,Houston,0
TX00319,1088,1207.16,2023-01-27 04:52:00,Walmart,tablet,San Francisco,0
TX00320,1046,317.44,2023-08-31 15:21:00,Amazon,mobile,San Francisco,0
TX00321,1023,1653.81,2023-09-22 07:44:00,Amazon,mobile,Phoenix,0
TX00322,1088,1362.4,2023-07-27 12:39:00,Starbucks,desktop,Phoenix,1
TX00323,1002,470.98,2023-03-17 19:38:00,Walmart,mobile,Los Angeles,0
TX00324,1046,1848.58,2023-05-26 05:57:00,Amazon,desktop,Phoenix,1
TX00325,1023,1275.57,2023-01-11 04:44:00,eBay,mobile,Chicago,0
TX00326,1016,1691.48,2023-12-14 22:52:00,Apple Store,tablet,San Francisco,1
TX00327,1033,1983.94,2023-07-15 19:41:00,Starbucks,mobile,Phoenix,1
TX00328,1049,1707.34,2023-11-24 12:56:00,Starbucks,desktop,Phoenix,1
TX00329,1003,546.27,2023-03-30 08:22:00,Walmart,mobile,Chicago,0
TX00330,1028,629.62,2023-04-10 03:46:00,Walmart,desktop,Phoenix,0
TX00331,1053,821.36,2023-11-01 18:20:00,Target,mobile,Los Angeles,0
TX00332,1070,1846.74,2023-08-03 17:19:00,Walmart,tablet,Houston,0
TX00333,1041,1907.48,2023-12-12 10:20:00,Starbucks,mobile,Los Angeles,0
TX00334,1088,206.38,2023-03-08 16:10:00,Walmart,mobile,Chicago,0
TX00335,1074,987.16,2023-05-02 02:23:00,Target,mobile,San Francisco,0
TX00336,1003,700.77,2023-10-26 21:53:00,Walmart,tablet,San Francisco,0
TX00337,1090,449.69,2023-02-11 15:18:00,Amazon,desktop,Phoenix,0
TX00338,1036,1718.71,2023-08-08 12:06:00,Amazon,tablet,Phoenix,0
TX00339,1005,1858.99,2023-11-14 18:41:00,eBay,desktop,San Francisco,0
TX00340,1030,23.67,2023-11-22 03:53:00,eBay,mobile,Phoenix,0
TX00341,1011,1355.92,2023-10-17 17:05:00,Amazon,tablet,Chicago,0
TX00342,1038,370.23,2023-02-10 21:41:00,Apple Store,tablet,Phoenix,0
TX00343,1007,1384.13,2023-08-03 01:26:00,Amazon,mobile,Houston,0
TX00344,1042,1095.38,2023-02-17 10:49:00,Target,desktop,Houston,0
TX00345,1015,1702.69,2023-09-28 16:57:00,Starbucks,tablet,Houston,0
TX00346,1007,1651.41,2023-11-08 19:50:00,Apple Store,mobile,San Francisco,0
TX00347,1009,1793.41,2023-10-20 19:03:00,Apple Store,desktop,Los Angeles,0
TX00348,1015,461.84,2023-09-21 10:28:00,Target,mobile,San Francisco,0
TX00349,1097,1451.7,2023-04-23 18:03:00,Starbucks,tablet,Chicago,0
TX00350,1007,1224.57,2023-04-08 17:00:00,Walmart,tablet,Chicago,0
TX00351,1098,148.1,2023-12-11 23:05:00,Amazon,tablet,New York,0
TX00352,1067,1231.36,2023-03-07 01:03:00,Walmart,desktop,Los Angeles,0
TX00353,1037,829.89,2023-01-17 05:22:00,Walmart,mobile,New York,0
TX00354,1000,423.98,2023-06-17 20:26:00,eBay,desktop,Phoenix,1
TX00355,1095,368.97,2023-06-15 06:24:00,Amazon,tablet,Los Angeles,0
TX00356,1040,1245.92,2023-10-05 00:34:00,Target,mobile,New York,0
TX00357,1069,1765.79,2023-10-15 22:48:00,Amazon,desktop,New York,0
TX00358,1011,1320.75,2023-03-26 09:31:00,eBay,desktop,San Francisco,0
TX00359,1098,1969.39,2023-03-08 23:55:00,Apple Store,desktop,Chicago,1
TX00360,1068,451.25,2023-08-01 04:55:00,Amazon,desktop,New York,0
TX00361,1094,757.59,2023-10-02 15:27:00,Starbucks,desktop,Houston,0
TX00362,1064,1265.41,2023-10-21 23:54:00,Amazon,tablet,Phoenix,0
TX00363,1092,1018.53,2023-08-13 12:42:00,Walmart,mobile,New York,0
TX00364,1020,512.15,2023-02-15 07:30:00,Starbucks,mobile,San Francisco,0
TX00365,1008,663.57,2023-10-05 09:38:00,Apple Store,tablet,Los Angeles,0
TX00366,1036,1627.9,2023-01-02 12:51:00,Starbucks,tablet,Phoenix,1
TX00367,1097,1095.2,2023-06-30 02:28:00,Target,mobile,San Francisco,0
TX00368,1062,263.91,2023-04-11 02:02:00,eBay,mobile,New York,0
TX00369,1051,123.94,2023-01-12 12:32:00,Apple Store,desktop,Chicago,0
TX00370,1043,455.51,2023-04-06 23:20:00,Amazon,desktop,New York,0
TX00371,1091,1794.0,2023-05-05 22:09:00,Target,desktop,San Francisco,1
TX00372,1070,1154.61,2023-09-27 22:02:00,eBay,tablet,Los Angeles,0
TX00373,1035,1892.66,2023-02-11 14:52:00,Walmart,mobile,Los Angeles,0
TX00374,1078,1958.4,2023-10-02 02:21:00,Starbucks,desktop,Los Angeles,1
TX00375,1099,1412.64,2023-09-11 09:28:00,Amazon,tablet,Chicago,0
TX00376,1092,1331.8,2023-12-14 04:24:00,Amazon,tablet,San Francisco,0
TX00377,1047,690.96,2023-11-03 03:43:00,Walmart,desktop,San Francisco,0
TX00378,1082,136.89,2023-07-18 13:20:00,Apple Store,mobile,Los Angeles,0
TX00379,1099,87.28,2023-08-13 11:02:00,Amazon,mobile,Phoenix,0
TX00380,1085,1603.3,2023-05-20 07:56:00,Starbucks,tablet,New York,1
TX00381,1046,732.1,2023-08-26 14:43:00,Starbucks,tablet,San Francisco,0
TX00382,1017,1804.54,2023-12-18 04:58:00,Target,tablet,Houston,1
TX00383,1056,1807.47,2023-07-02 01:18:00,Starbucks,mobile,Houston,1
TX00384,1054,1238.6,2023-05-07 16:41:00,eBay,tablet,Chicago,0
TX00385,1077,1270.37,2023-08-24 22:29:00,Amazon,desktop,Phoenix,0
TX00386,1047,1101.79,2023-03-16 23:07:00,Starbucks,desktop,New York,0
TX00387,1079,1436.94,2023-06-13 00:08:00,Walmart,tablet,Phoenix,0
TX00388,1079,1432.9,2023-05-17 14:01:00,Target,desktop,New York,0
TX00389,1034,1637.41,2023-10-24 00:09:00,Apple Store,tablet,Phoenix,0
TX00390,1033,1989.27,2023-05-12 03:05:00,Target,tablet,Los Angeles,1
TX00391,1028,1189.49,2023-11-08 14:21:00,Starbucks,mobile,Los Angeles,0
TX00392,1034,1190.2,2023-01-29 09:56:00,Target,mobile,Phoenix,0
TX00393,1070,805.6,2023-01-05 02:33:00,Amazon,mobile,Los Angeles,0
TX00394,1046,559.97,2023-07-11 14:40:00,eBay,desktop,Phoenix,0
TX00395,1086,1583.62,2023-12-20 07:33:00,Starbucks,tablet,New York,0
TX00396,1075,913.28,2023-05-15 08:45:00,Target,desktop,Los Angeles,0
TX00397,1067,59.84,2023-11-07 00:53:00,Apple Store,mobile,Phoenix,0
TX00398,1044,1520.35,2023-01-21 21:40:00,Amazon,desktop,Los Angeles,1
TX00399,1069,1435.94,2023-09-22 10:27:00,Apple Store,desktop,New York,0
TX00400,1012,125.48,2023-12-04 23:13:00,Amazon,mobile,Los Angeles,0
TX00401,1078,10.05,2023-06-11 15:01:00,Target,mobile,Houston,0
TX00402,1089,187.04,2023-12-16 09:04:00,Starbucks,desktop,Chicago,0
TX00403,1041,1820.34,2023-07-12 18:08:00,eBay,mobile,New York,0
TX00404,1019,703.73,2023-12-31 00:24:00,Amazon,mobile,New York,0
TX00405,1060,212.82,2023-10-24 02:50:00,Apple Store,desktop,New York,0
TX00406,1032,1871.04,2023-08-29 00:53:00,Walmart,desktop,New York,0
TX00407,1022,361.7,2023-12-22 23:28:00,Starbucks,desktop,Phoenix,0
TX00408,1006,194.58,2023-05-16 18:06:00,Walmart,desktop,San Francisco,0
TX00409,1011,1346.49,2023-04-24 21:37:00,Apple Store,mobile,Los Angeles,0
TX00410,1036,869.25,2023-01-08 22:41:00,Target,mobile,Phoenix,0
TX00411,1079,1559.05,2023-07-13 04:31:00,Target,desktop,Phoenix,0
TX00412,1069,1119.25,2023-06-20 13:04:00,Target,mobile,Houston,0
TX00413,1079,672.79,2023-12-25 12:42:00,Starbucks,desktop,Los Angeles,0
TX00414,1097,1386.95,2023-03-28 17:29:00,Starbucks,mobile,Phoenix,0
TX00415,1049,577.63,2023-06-22 04:22:00,Starbucks,mobile,Los Angeles,0
TX00416,1038,1586.5,2023-03-15 05:46:00,Apple Store,mobile,San Francisco,0
TX00417,1066,898.28,2023-09-02 01:26:00,Starbucks,mobile,Houston,0
TX00418,1055,1651.75,2023-10-14 11:17:00,eBay,desktop,Los Angeles,1
TX00419,1074,752.19,2023-01-11 15:16:00,Target,mobile,New York,0
TX00420,1002,1029.21,2023-03-24 11:59:00,Walmart,desktop,Chicago,0
TX00421,1071,1654.01,2023-03-20 15:16:00,eBay,mobile,New York,1
TX00422,1025,1347.01,2023-12-01 15:29:00,Amazon,tablet,Phoenix,0
TX00423,1063,1584.21,2023-12-28 05:58:00,Target,tablet,Los Angeles,1
TX00424,1022,443.11,2023-01-29 15:56:00,Amazon,mobile,Los Angeles,0
TX00425,1023,450.35,2023-03-13 08:30:00,Target,tablet,New York,0
TX00426,1023,1270.67,2023-11-07 05:39:00,Amazon,tablet,Phoenix,0
TX00427,1001,1946.93,2023-03-25 11:22:00,Target,desktop,Chicago,1
TX00428,1003,405.97,2023-01-31 15:26:00,Starbucks,tablet,Los Angeles,0
TX00429,1067,10.48,2023-08-28 14:28:00,Target,mobile,San Francisco,0
TX00430,1031,815.98,2023-01-18 04:07:00,Walmart,tablet,Houston,0
TX00431,1085,343.87,2023-09-07 23:56:00,eBay,tablet,San Francisco,0
TX00432,1042,741.21,2023-06-15 23:54:00,Target,tablet,Houston,0
TX00433,1084,593.21,2023-05-26 07:42:00,Amazon,mobile,New York,0
TX00434,1058,843.09,2023-01-02 01:02:00,Target,tablet,New York,0
TX00435,1031,832.32,2023-10-20 00:27:00,Walmart,desktop,Chicago,0
TX00436,1003,769.78,2023-01-22 06:38:00,Apple Store,tablet,San Francisco,0
TX00437,1000,1442.97,2023-06-05 16:41:00,Target,desktop,Phoenix,0
TX00438,1012,442.03,2023-12-07 05:48:00,eBay,desktop,Phoenix,0
TX00439,1002,241.3,2023-02-20 10:45:00,Apple Store,mobile,Los Angeles,0
TX00440,1033,1394.19,2023-06-08 15:47:00,Apple Store,mobile,New York,0
TX00441,1040,1595.46,2023-12-27 22:58:00,eBay,mobile,San Francisco,0
TX00442,1041,1852.43,2023-03-14 21:53:00,Starbucks,mobile,Los Angeles,1
TX00443,1059,1323.27,2023-06-23 03:32:00,Amazon,mobile,Houston,0
TX00444,1096,1683.9,2023-04-22 02:51:00,Starbucks,mobile,Los Angeles,0
TX00445,1076,53.05,2023-04-05 13:39:00,Target,desktop,Chicago,0
TX00446,1086,267.57,2023-05-18 14:59:00,eBay,tablet,New York,0
TX00447,1094,114.27,2023-03-27 01:10:00,Target,desktop,San Francisco,0
TX00448,1004,16.09,2023-11-07 07:18:00,Target,desktop,Phoenix,0
TX00449,1032,1696.1,2023-09-07 08:17:00,eBay,tablet,New York,0
TX00450,1003,1891.74,2023-01-04 19:43:00,Starbucks,desktop,Phoenix,1
TX00451,1014,157.66,2023-01-06 06:26:00,Target,mobile,New York,0
TX00452,1091,1062.89,2023-10-21 18:49:00,Amazon,tablet,Phoenix,0
TX00453,1009,1817.95,2023-03-11 03:10:00,Apple Store,desktop,Chicago,0
TX00454,1023,46.98,2023-12-10 03:41:00,Starbucks,tablet,Los Angeles,0
TX00455,1026,224.97,2023-07-17 15:38:00,Apple Store,desktop,San Francisco,0
TX00456,1043,1605.15,2023-11-08 00:43:00,Apple Store,mobile,San Francisco,1
TX00457,1054,1402.55,2023-08-08 21:54:00,Starbucks,tablet,Chicago,0
TX00458,1010,1749.53,2023-12-11 06:48:00,Walmart,desktop,Houston,1
TX00459,1089,157.03,2023-11-26 00:10:00,Walmart,desktop,New York,0
TX00460,1096,1386.77,2023-11-13 12:07:00,Walmart,desktop,Chicago,0
TX00461,1081,1114.86,2023-09-05 17:36:00,Walmart,desktop,Phoenix,0
TX00462,1068,355.78,2023-03-20 01:12:00,eBay,mobile,New York,0
TX00463,1075,1560.73,2023-12-27 18:26:00,Starbucks,desktop,Houston,0
TX00464,1040,1385.21,2023-10-25 17:32:00,Starbucks,mobile,New York,0
TX00465,1027,1184.86,2023-07-11 14:19:00,eBay,mobile,Chicago,0
TX00466,1071,1094.93,2023-02-10 06:46:00,Starbucks,mobile,San Francisco,0
TX00467,1082,141.94,2023-05-17 13:46:00,Starbucks,mobile,New York,0
TX00468,1006,408.56,2023-12-20 12:06:00,Amazon,desktop,San Francisco,0
TX00469,1053,391.42,2023-04-19 04:20:00,Target,mobile,New York,0
TX00470,1037,1882.81,2023-09-12 22:43:00,Amazon,tablet,Phoenix,1
TX00471,1074,784.63,2023-03-04 16:18:00,Amazon,desktop,Phoenix,0
TX00472,1003,1812.86,2023-09-13 17:39:00,Apple Store,tablet,Los Angeles,1
TX00473,1014,1028.16,2023-06-27 12:44:00,eBay,desktop,Houston,0
TX00474,1068,1471.32,2023-07-12 17:26:00,Apple Store,desktop,Phoenix,0
TX00475,1046,756.09,2023-04-15 15:45:00,Apple Store,desktop,New York,0
TX00476,1052,127.29,2023-02-18 16:18:00,Amazon,tablet,Houston,0
TX00477,1042,1356.28,2023-11-14 23:13:00,Amazon,tablet,New York,0
TX00478,1094,396.14,2023-05-20 01:39:00,eBay,mobile,New York,0
TX00479,1010,1062.22,2023-10-29 08:28:00,Starbucks,mobile,New York,0
TX00480,1090,1364.45,2023-09-25 11:06:00,eBay,desktop,New York,0
TX00481,1042,123.85,2023-09-23 08:16:00,Amazon,desktop,Houston,0
TX00482,1028,1612.06,2023-05-11 12:24:00,Target,desktop,Phoenix,1
TX00483,1093,666.86,2023-08-28 06:01:00,Target,desktop,Chicago,0
TX00484,1059,1140.36,2023-10-16 13:12:00,Amazon,tablet,Los Angeles,0
TX00485,1035,374.13,2023-11-10 11:31:00,Amazon,desktop,Phoenix,1
TX00486,1085,1048.76,2023-03-28 19:48:00,eBay,desktop,San Francisco,0
TX00487,1002,1549.14,2023-10-29 09:21:00,Walmart,desktop,Houston,1
TX00488,1014,1998.3,2023-01-30 18:06:00,Starbucks,desktop,Los Angeles,0
TX00489,1030,1698.14,2023-12-13 22:04:00,Starbucks,mobile,Phoenix,1
TX00490,1067,903.46,2023-01-07 10:17:00,Starbucks,mobile,Chicago,0
TX00491,1007,1013.72,2023-10-02 05:00:00,Walmart,tablet,New York,0
TX00492,1007,310.25,2023-05-26 19:11:00,Apple Store,mobile,Phoenix,0
TX00493,1065,1013.18,2023-02-11 00:35:00,Amazon,mobile,San Francisco,0
TX00494,1036,1085.97,2023-07-07 21:21:00,eBay,mobile,Houston,0
TX00495,1074,1840.87,2023-12-12 16:57:00,Starbucks,desktop,Phoenix,0
TX00496,1018,133.34,2023-01-10 22:50:00,Target,desktop,Chicago,0
TX00497,1020,377.55,2023-04-13 16:43:00,Walmart,mobile,Houston,0
TX00498,1045,1916.33,2023-11-25 20:21:00,Starbucks,desktop,Phoenix,0
TX00499,1029,248.73,2023-08-22 00:48:00,Starbucks,mobile,Los Angeles,0
TX00500,1065,1961.27,2023-05-23 08:51:00,Starbucks,tablet,Chicago,0
TX00501,1083,1992.22,2023-01-31 21:55:00,Amazon,mobile,Los Angeles,1
TX00502,1041,1677.96,2023-02-21 23:26:00,eBay,mobile,Phoenix,1
TX00503,1016,704.04,2023-09-01 14:56:00,Walmart,mobile,New York,0
TX00504,1090,1533.05,2023-10-05 22:28:00,Starbucks,tablet,New York,1
TX00505,1094,688.4,2023-03-29 19:38:00,Apple Store,tablet,New York,0
TX00506,1005,459.65,2023-06-08 12:51:00,Starbucks,mobile,San Francisco,0
TX00507,1085,497.13,2023-08-07 06:22:00,Starbucks,mobile,New York,0
TX00508,1079,340.29,2023-06-19 09:42:00,Starbucks,mobile,Los Angeles,0
TX00509,1041,1940.9,2023-10-10 15:30:00,Walmart,desktop,Phoenix,1
TX00510,1069,1804.28,2023-04-22 05:44:00,Amazon,tablet,Los Angeles,0
TX00511,1086,697.54,2023-02-27 02:01:00,Target,desktop,Houston,0
TX00512,1082,702.03,2023-10-08 11:22:00,Starbucks,mobile,Phoenix,0
TX00513,1009,1913.3,2023-12-18 04:55:00,Walmart,desktop,Chicago,0
TX00514,1040,602.57,2023-12-10 09:44:00,Amazon,desktop,Los Angeles,0
TX00515,1038,1378.61,2023-01-07 22:53:00,eBay,mobile,Phoenix,0
TX00516,1036,1908.53,2023-02-04 00:17:00,Walmart,tablet,Phoenix,0
TX00517,1051,1668.88,2023-07-04 04:34:00,Apple Store,desktop,Chicago,1
TX00518,1021,1449.44,2023-07-15 00:38:00,Amazon,desktop,San Francisco,0
TX00519,1066,333.39,2023-11-19 09:13:00,Apple Store,mobile,Chicago,0
TX00520,1029,1754.08,2023-05-23 03:50:00,Target,desktop,San Francisco,0
TX00521,1074,1329.91,2023-01-13 11:38:00,Apple Store,tablet,San Francisco,0
TX00522,1087,537.98,2023-06-20 20:44:00,Target,tablet,Los Angeles,0
TX00523,1062,1998.34,2023-12-01 22:27:00,eBay,tablet,New York,1
TX00524,1020,1897.03,2023-12-09 01:08:00,Starbucks,tablet,New York,0
TX00525,1062,1999.18,2023-06-03 06:25:00,Starbucks,tablet,Houston,1
TX00526,1018,1376.73,2023-04-28 06:31:00,Starbucks,mobile,Los Angeles,0
TX00527,1033,1825.24,2023-06-19 16:44:00,Target,tablet,New York,0
TX00528,1048,682.62,2023-05-10 21:59:00,Target,desktop,Los Angeles,0
TX00529,1040,756.15,2023-10-26 19:35:00,Starbucks,desktop,San Francisco,0
TX00530,1017,998.82,2023-05-27 13:24:00,Walmart,desktop,Houston,0
TX00531,1066,1015.38,2023-07-19 05:55:00,eBay,tablet,New York,0
TX00532,1014,1231.81,2023-02-23 10:03:00,Walmart,tablet,San Francisco,0
TX00533,1072,1036.69,2023-04-02 23:08:00,Walmart,mobile,Phoenix,0
TX00534,1081,822.5,2023-09-01 05:03:00,Apple Store,desktop,New York,0
TX00535,1054,1159.74,2023-06-04 14:26:00,Amazon,mobile,Houston,0
TX00536,1099,1615.28,2023-01-06 02:15:00,eBay,tablet,Chicago,1
TX00537,1017,1127.7,2023-07-07 04:26:00,Amazon,mobile,San Francisco,0
TX00538,1073,103.62,2023-08-19 21:14:00,Starbucks,mobile,New York,0
TX00539,1047,386.42,2023-04-28 11:43:00,Apple Store,mobile,Los Angeles,0
TX00540,1099,1413.44,2023-07-02 15:43:00,Target,tablet,Chicago,0
TX00541,1023,1445.4,2023-10-17 11:59:00,Target,desktop,New York,0
TX00542,1039,280.75,2023-01-21 04:13:00,Amazon,tablet,Chicago,0
TX00543,1000,1592.26,2023-10-15 02:13:00,eBay,mobile,Los Angeles,0
TX00544,1091,1294.69,2023-12-27 12:47:00,Target,mobile,Los Angeles,0
TX00545,1042,681.67,2023-12-21 08:43:00,Apple Store,desktop,Los Angeles,0
TX00546,1004,243.87,2023-02-20 15:29:00,Starbucks,desktop,Chicago,0
TX00547,1084,1955.31,2023-10-08 13:51:00,Apple Store,mobile,Los Angeles,1
TX00548,1099,858.2,2023-12-18 08:45:00,Walmart,mobile,Phoenix,0
TX00549,1057,1384.57,2023-07-12 17:53:00,Starbucks,mobile,New York,0
TX00550,1046,1058.67,2023-11-18 09:39:00,Walmart,mobile,Chicago,0
TX00551,1070,1126.31,2023-12-23 07:21:00,Starbucks,desktop,Chicago,0
TX00552,1007,504.46,2023-12-02 17:56:00,eBay,desktop,New York,0
TX00553,1082,1548.74,2023-05-28 22:09:00,Apple Store,tablet,San Francisco,0
TX00554,1016,1648.45,2023-02-07 05:27:00,Walmart,desktop,San Francisco,0
TX00555,1039,1207.79,2023-02-13 13:40:00,eBay,tablet,New York,0
TX00556,1001,342.83,2023-02-13 07:08:00,Walmart,tablet,San Francisco,0
TX00557,1032,1800.9,2023-02-06 13:57:00,Apple Store,tablet,San Francisco,0
TX00558,1072,1698.15,2023-12-10 09:36:00,Amazon,mobile,San Francisco,1
TX00559,1098,298.1,2023-12-02 03:32:00,Apple Store,desktop,Phoenix,0
TX00560,1020,248.46,2023-01-19 19:32:00,Target,desktop,New York,0
TX00561,1089,553.9,2023-01-21 00:41:00,Target,tablet,Los Angeles,0
TX00562,1084,1369.53,2023-02-22 18:58:00,Walmart,mobile,San Francisco,0
TX00563,1090,1261.46,2023-05-27 16:50:00,Apple Store,mobile,Chicago,0
TX00564,1077,535.14,2023-10-13 10:29:00,Apple Store,tablet,Houston,0
TX00565,1007,1941.21,2023-04-14 17:20:00,eBay,mobile,Phoenix,0
TX00566,1068,1527.78,2023-02-23 21:00:00,Starbucks,tablet,Los Angeles,1
TX00567,1028,1959.21,2023-01-26 12:23:00,Walmart,mobile,New York,1
TX00568,1077,1691.36,2023-01-28 07:47:00,Target,mobile,Houston,0
TX00569,1095,75.91,2023-04-29 14:31:00,Starbucks,tablet,San Francisco,0
TX00570,1067,1569.09,2023-11-26 08:00:00,Walmart,mobile,New York,0
TX00571,1078,552.6,2023-09-24 13:43:00,Target,mobile,Houston,0
TX00572,1011,1449.28,2023-07-21 09:21:00,eBay,tablet,Los Angeles,0
TX00573,1095,996.55,2023-05-03 10:09:00,Target,tablet,Phoenix,0
TX00574,1087,1645.17,2023-03-01 21:26:00,Target,mobile,Houston,1
TX00575,1049,1328.79,2023-09-30 13:18:00,Walmart,desktop,San Francisco,0
TX00576,1087,1065.66,2023-01-08 03:03:00,Starbucks,desktop,San Francisco,0
TX00577,1028,843.59,2023-07-10 09:18:00,Amazon,mobile,Chicago,0
TX00578,1058,1428.66,2023-10-10 13:37:00,eBay,desktop,Chicago,0
TX00579,1037,668.78,2023-04-29 21:23:00,Starbucks,tablet,New York,0
TX00580,1065,1156.9,2023-02-09 16:12:00,eBay,mobile,Los Angeles,0
TX00581,1057,799.57,2023-01-20 16:33:00,Apple Store,tablet,Phoenix,0
TX00582,1002,1392.28,2023-07-02 00:23:00,Amazon,tablet,Los Angeles,0
TX00583,1009,1354.85,2023-05-28 03:33:00,Walmart,desktop,San Francisco,0
TX00584,1013,160.48,2023-12-06 19:24:00,eBay,mobile,Los Angeles,0
TX00585,1047,1274.46,2023-07-22 20:44:00,Starbucks,desktop,Los Angeles,0
TX00586,1009,137.84,2023-12-19 16:44:00,eBay,tablet,New York,0
TX00587,1044,330.32,2023-07-13 17:40:00,Walmart,tablet,New York,0
TX00588,1021,1578.89,2023-03-21 12:16:00,Target,tablet,Chicago,1
TX00589,1016,1728.91,2023-12-27 07:33:00,eBay,desktop,Houston,0
TX00590,1034,232.11,2023-10-10 16:37:00,Amazon,desktop,Los Angeles,0
TX00591,1097,556.14,2023-11-03 12:41:00,Apple Store,desktop,New York,0
TX00592,1091,882.03,2023-03-21 07:04:00,Apple Store,desktop,Chicago,0
TX00593,1047,1691.79,2023-03-30 19:00:00,Apple Store,mobile,Chicago,1
TX00594,1030,1688.93,2023-10-11 21:17:00,Apple Store,desktop,Los Angeles,0
TX00595,1039,137.71,2023-06-13 05:13:00,Walmart,desktop,Chicago,0
TX00596,1010,1629.17,2023-09-02 02:48:00,Starbucks,desktop,Houston,0
TX00597,1074,16.57,2023-06-09 09:59:00,Starbucks,tablet,New York,0
TX00598,1056,1289.46,2023-09-01 07:29:00,Starbucks,desktop,San Francisco,0
TX00599,1052,607.32,2023-03-10 06:15:00,Apple Store,tablet,New York,0
TX00600,1099,1287.08,2023-01-09 07:08:00,Walmart,desktop,San Francisco,0
TX00601,1089,592.36,2023-09-08 15:36:00,eBay,mobile,Chicago,0
TX00602,1011,950.56,2023-03-10 19:37:00,Target,desktop,Houston,0
TX00603,1082,1283.54,2023-05-26 20:28:00,eBay,desktop,San Francisco,0
TX00604,1082,521.34,2023-01-19 02:52:00,Apple Store,mobile,San Francisco,0
TX00605,1069,1903.7,2023-11-27 00:53:00,Walmart,mobile,Chicago,0
TX00606,1052,407.95,2023-11-04 13:03:00,Amazon,desktop,New York,0
TX00607,1054,956.3,2023-05-15 08:36:00,Target,mobile,Los Angeles,0
TX00608,1050,981.26,2023-02-24 19:36:00,Amazon,tablet,New York,0
TX00609,1038,1050.62,2023-03-14 19:42:00,Target,desktop,Phoenix,0
TX00610,1087,1587.08,2023-11-12 07:23:00,Target,tablet,Los Angeles,0
TX00611,1048,310.46,2023-06-12 11:50:00,Walmart,mobile,Houston,0
TX00612,1040,369.02,2023-11-27 07:13:00,eBay,mobile,New York,0
TX00613,1048,883.0,2023-01-02 18:41:00,Target,mobile,Houston,0
TX00614,1013,627.48,2023-08-16 20:28:00,eBay,mobile,Houston,0
TX00615,1053,1713.38,2023-04-30 12:06:00,Starbucks,mobile,Phoenix,1
TX00616,1016,185.7,2023-11-15 23:59:00,Amazon,tablet,San Francisco,0
TX00617,1058,1764.15,2023-11-09 00:55:00,Walmart,tablet,Phoenix,1
TX00618,1089,1194.51,2023-02-11 02:45:00,Apple Store,desktop,Phoenix,1
TX00619,1017,1465.41,2023-07-02 13:54:00,eBay,tablet,San Francisco,0
TX00620,1014,7.62,2023-09-29 18:21:00,Target,desktop,Chicago,0
TX00621,1004,668.93,2023-07-20 16:58:00,Apple Store,tablet,San Francisco,0
TX00622,1014,1973.11,2023-12-22 18:39:00,Target,desktop,New York,1
TX00623,1010,26.46,2023-11-07 02:27:00,Amazon,mobile,Houston,0
TX00624,1019,1493.11,2023-07-07 08:47:00,Apple Store,mobile,Phoenix,0
TX00625,1067,1727.93,2023-12-22 18:45:00,eBay,tablet,San Francisco,1
TX00626,1059,1042.13,2023-06-19 13:40:00,Amazon,tablet,New York,0
TX00627,1049,974.62,2023-01-22 03:46:00,Walmart,tablet,Phoenix,0
TX00628,1003,704.58,2023-06-13 15:13:00,Target,mobile,San Francisco,0
TX00629,1005,310.79,2023-06-19 22:29:00,Starbucks,mobile,Los Angeles,0
TX00630,1066,89.63,2023-04-02 01:59:00,Apple Store,mobile,Phoenix,0
TX00631,1028,1223.14,2023-08-19 15:25:00,eBay,desktop,Phoenix,0
TX00632,1080,898.15,2023-05-06 03:42:00,Walmart,mobile,Phoenix,0
TX00633,1058,1318.2,2023-05-15 03:37:00,Target,desktop,New York,0
TX00634,1009,228.66,2023-09-19 04:40:00,Amazon,tablet,New York,0
TX00635,1005,1899.23,2023-04-15 00:23:00,Target,mobile,San Francisco,0
TX00636,1028,426.9,2023-06-20 18:27:00,Target,tablet,Houston,0
TX00637,1004,1897.6,2023-05-09 03:37:00,Apple Store,desktop,Chicago,0
TX00638,1048,668.2,2023-12-28 06:30:00,Starbucks,tablet,Los Angeles,0
TX00639,1064,1745.85,2023-03-31 00:27:00,Amazon,tablet,New York,1
TX00640,1087,1423.28,2023-12-27 02:21:00,Starbucks,mobile,New York,0
TX00641,1027,1427.47,2023-11-29 05:02:00,Apple Store,tablet,Los Angeles,0
TX00642,1080,859.72,2023-01-09 07:22:00,Target,mobile,New York,0
TX00643,1084,98.83,2023-02-23 16:35:00,Walmart,tablet,Los Angeles,0
TX00644,1023,534.01,2023-04-17 23:27:00,Apple Store,desktop,Houston,0
TX00645,1013,771.35,2023-01-31 21:21:00,Starbucks,desktop,Los Angeles,0
TX00646,1078,1714.91,2023-06-09 06:05:00,Starbucks,mobile,Phoenix,1
TX00647,1047,1783.77,2023-04-24 08:29:00,eBay,tablet,Chicago,0
TX00648,1046,763.65,2023-01-01 22:28:00,Starbucks,desktop,Houston,0
TX00649,1088,1902.49,2023-01-03 06:30:00,Amazon,tablet,San Francisco,0
TX00650,1049,226.92,2023-06-09 10:35:00,Starbucks,tablet,Chicago,0
TX00651,1074,929.7,2023-07-13 09:35:00,Apple Store,tablet,New York,0
TX00652,1092,496.76,2023-12-22 07:20:00,Apple Store,desktop,Houston,0
TX00653,1021,1244.31,2023-07-20 06:12:00,Amazon,tablet,Houston,0
TX00654,1044,1463.41,2023-02-24 12:33:00,eBay,mobile,Los Angeles,0
TX00655,1018,1319.63,2023-05-16 16:59:00,Apple Store,tablet,New York,0
TX00656,1098,615.94,2023-11-28 08:56:00,Walmart,tablet,Phoenix,0
TX00657,1069,934.06,2023-08-24 00:28:00,Apple Store,mobile,Houston,0
TX00658,1052,305.05,2023-11-10 06:25:00,Walmart,mobile,San Francisco,0
TX00659,1092,1131.31,2023-11-25 02:19:00,Target,mobile,New York,0
TX00660,1068,704.6,2023-07-01 08:57:00,eBay,mobile,San Francisco,0
TX00661,1086,1758.69,2023-01-28 17:06:00,Target,mobile,Chicago,0
TX00662,1045,1083.65,2023-10-03 06:14:00,Apple Store,mobile,Chicago,0
TX00663,1025,1531.82,2023-07-02 08:21:00,Target,mobile,Phoenix,1
TX00664,1096,720.9,2023-07-19 00:23:00,eBay,desktop,New York,0
TX00665,1048,489.62,2023-04-03 00:32:00,Target,tablet,Los Angeles,0
TX00666,1003,996.7,2023-04-07 00:17:00,Apple Store,mobile,Houston,0
TX00667,1070,1110.76,2023-05-18 11:14:00,Target,mobile,Los Angeles,0
TX00668,1018,1198.87,2023-02-26 04:45:00,Apple Store,mobile,Los Angeles,0
TX00669,1004,1236.33,2023-01-12 16:21:00,Apple Store,desktop,Phoenix,0
TX00670,1047,964.71,2023-06-09 01:24:00,Amazon,desktop,New York,0
TX00671,1051,1482.41,2023-07-17 18:51:00,Apple Store,tablet,Houston,0
TX00672,1062,518.5,2023-10-12 05:12:00,Apple Store,tablet,New York,0
TX00673,1039,1927.87,2023-06-03 10:38:00,Amazon,tablet,Los Angeles,1
TX00674,1000,86.51,2023-01-07 05:46:00,Starbucks,desktop,New York,0
TX00675,1079,1398.08,2023-01-07 11:44:00,Target,mobile,Phoenix,0
TX00676,1033,1901.1,2023-02-13 03:19:00,Target,tablet,Houston,0
TX00677,1080,49.01,2023-06-06 20:36:00,Apple Store,desktop,New York,0
TX00678,1100,754.28,2023-04-13 17:46:00,Starbucks,mobile,San Francisco,0
TX00679,1041,1147.06,2023-10-23 23:34:00,Starbucks,mobile,Chicago,0
TX00680,1070,566.35,2023-07-30 19:58:00,Starbucks,tablet,Los Angeles,0
TX00681,1082,325.55,2023-08-29 20:17:00,eBay,desktop,San Francisco,0
TX00682,1018,256.43,2023-05-01 11:21:00,eBay,tablet,San Francisco,0
TX00683,1070,611.62,2023-12-12 12:25:00,Walmart,mobile,Houston,0
TX00684,1039,1761.97,2023-02-11 08:00:00,Target,desktop,Houston,0
TX00685,1040,1946.45,2023-08-31 00:18:00,Amazon,tablet,Phoenix,1
TX00686,1064,110.47,2023-12-08 20:27:00,Target,mobile,Los Angeles,0
TX00687,1005,992.82,2023-03-01 05:44:00,Starbucks,desktop,New York,0
TX00688,1046,656.59,2023-02-03 05:35:00,Walmart,mobile,Los Angeles,0
TX00689,1021,1374.31,2023-09-01 22:31:00,Target,tablet,Phoenix,0
TX00690,1043,719.44,2023-05-13 10:58:00,Amazon,tablet,Los Angeles,0
TX00691,1081,1493.52,2023-07-15 10:53:00,eBay,desktop,Phoenix,1
TX00692,1006,448.94,2023-02-07 10:35:00,Apple Store,tablet,Los Angeles,0
TX00693,1059,26.01,2023-03-01 03:19:00,Target,tablet,Phoenix,0
TX00694,1013,485.88,2023-08-03 14:50:00,Apple Store,mobile,San Francisco,0
TX00695,1055,56.8,2023-05-10 13:32:00,Amazon,mobile,Chicago,0
TX00696,1016,557.2,2023-10-27 05:15:00,Amazon,tablet,San Francisco,0
TX00697,1058,1562.02,2023-01-02 16:24:00,Starbucks,mobile,New York,1
TX00698,1099,114.75,2023-04-12 11:45:00,Amazon,mobile,San Francisco,0
TX00699,1069,1116.59,2023-06-13 12:27:00,Walmart,mobile,Phoenix,0
TX00700,1061,402.37,2023-09-04 21:15:00,eBay,desktop,Houston,0
TX00701,1014,1178.67,2023-10-27 21:45:00,Target,desktop,San Francisco,0
TX00702,1082,235.14,2023-04-25 21:29:00,Amazon,desktop,San Francisco,0
TX00703,1007,10.46,2023-03-12 08:18:00,Starbucks,tablet,New York,0
TX00704,1069,1152.58,2023-06-15 07:14:00,eBay,tablet,San Francisco,0
TX00705,1086,57.16,2023-11-20 18:28:00,Amazon,mobile,Chicago,0
TX00706,1077,919.83,2023-04-16 20:15:00,Starbucks,mobile,Los Angeles,0
TX00707,1038,570.97,2023-11-27 04:31:00,Apple Store,mobile,New York,0
TX00708,1045,377.02,2023-12-08 16:41:00,Starbucks,tablet,San Francisco,0
TX00709,1044,1455.89,2023-12-18 03:20:00,Walmart,desktop,Los Angeles,0
TX00710,1014,253.96,2023-06-04 14:25:00,Amazon,mobile,Chicago,0
TX00711,1024,1252.3,2023-05-20 09:52:00,Target,desktop,Houston,0
TX00712,1003,1428.84,2023-06-01 03:05:00,Target,tablet,Chicago,0
TX00713,1008,1919.67,2023-06-29 15:31:00,Starbucks,tablet,Chicago,1
TX00714,1054,1003.01,2023-11-23 14:33:00,Amazon,tablet,New York,0
TX00715,1089,447.55,2023-05-20 19:58:00,Target,tablet,Houston,0
TX00716,1085,262.03,2023-02-17 03:09:00,Amazon,desktop,Houston,0
TX00717,1079,184.51,2023-08-31 23:33:00,Amazon,mobile,Los Angeles,0
TX00718,1020,957.59,2023-10-22 19:24:00,eBay,mobile,Houston,0
TX00719,1006,1680.62,2023-04-04 21:04:00,Amazon,mobile,Chicago,0
TX00720,1050,394.75,2023-08-10 23:20:00,Apple Store,tablet,Phoenix,0
TX00721,1071,78.95,2023-03-03 03:55:00,Walmart,tablet,Los Angeles,0
TX00722,1093,149.17,2023-12-16 05:36:00,Amazon,tablet,New York,0
TX00723,1063,783.61,2023-08-25 17:29:00,Apple Store,tablet,New York,0
TX00724,1094,1678.25,2023-12-15 15:50:00,Apple Store,desktop,New York,1
TX00725,1020,1134.13,2023-03-05 16:31:00,Walmart,mobile,Phoenix,0
TX00726,1096,1189.13,2023-06-18 17:35:00,Starbucks,mobile,Houston,0
TX00727,1031,699.17,2023-11-26 01:52:00,Walmart,mobile,Houston,0
TX00728,1100,223.7,2023-04-19 00:54:00,Target,desktop,Los Angeles,0
TX00729,1038,1174.09,2023-12-12 23:36:00,Walmart,desktop,Los Angeles,0
TX00730,1040,1303.49,2023-07-16 07:44:00,Starbucks,mobile,Phoenix,0
TX00731,1028,723.71,2023-10-13 07:48:00,Walmart,tablet,San Francisco,0
TX00732,1025,1296.83,2023-03-17 16:38:00,Starbucks,tablet,Phoenix,0
TX00733,1013,591.1,2023-01-25 23:01:00,Starbucks,tablet,Chicago,0
TX00734,1020,1993.85,2023-06-29 20:13:00,Walmart,desktop,Los Angeles,0
TX00735,1065,1457.33,2023-10-09 12:40:00,Walmart,mobile,Houston,0
TX00736,1090,545.18,2023-09-28 15:42:00,Starbucks,mobile,Phoenix,0
TX00737,1039,195.99,2023-01-06 01:50:00,Amazon,mobile,Chicago,0
TX00738,1004,1361.69,2023-04-06 10:21:00,eBay,desktop,Houston,0
TX00739,1100,1252.57,2023-04-07 14:19:00,Target,mobile,Houston,0
TX00740,1006,474.33,2023-12-31 16:20:00,eBay,tablet,New York,0
TX00741,1045,874.36,2023-07-21 07:47:00,eBay,desktop,Los Angeles,0
TX00742,1074,1535.76,2023-02-07 14:03:00,Walmart,mobile,Los Angeles,1
TX00743,1011,813.13,2023-07-26 17:56:00,Walmart,tablet,Los Angeles,0
TX00744,1035,1658.41,2023-04-11 14:40:00,Starbucks,mobile,San Francisco,0
TX00745,1088,1716.37,2023-09-09 04:27:00,Apple Store,mobile,San Francisco,0
TX00746,1053,1742.06,2023-04-17 00:42:00,Starbucks,desktop,Phoenix,1
TX00747,1020,1368.39,2023-10-23 01:57:00,Amazon,mobile,San Francisco,0
TX00748,1069,845.73,2023-09-22 04:24:00,Walmart,mobile,Chicago,0
TX00749,1033,787.96,2023-11-04 20:38:00,Walmart,mobile,Phoenix,0
TX00750,1059,992.62,2023-03-10 23:33:00,Amazon,mobile,New York,0
TX00751,1002,1474.66,2023-10-15 01:36:00,Apple Store,tablet,San Francisco,0
TX00752,1009,690.66,2023-07-30 16:34:00,Starbucks,desktop,San Francisco,0
TX00753,1036,942.92,2023-01-15 14:36:00,Walmart,tablet,Chicago,0
TX00754,1003,1665.69,2023-02-15 06:45:00,Target,tablet,Chicago,0
TX00755,1024,1313.54,2023-10-01 14:18:00,Starbucks,mobile,San Francisco,0
TX00756,1070,1099.59,2023-04-27 06:59:00,Target,mobile,Los Angeles,0
TX00757,1014,1780.13,2023-03-04 19:09:00,Target,desktop,Chicago,0
TX00758,1021,1290.48,2023-03-18 19:50:00,Amazon,tablet,Chicago,0
TX00759,1043,1233.19,2023-08-11 05:41:00,Amazon,mobile,Phoenix,0
TX00760,1075,1985.66,2023-05-04 00:44:00,Target,mobile,San Francisco,1
TX00761,1072,1969.13,2023-08-30 22:28:00,Starbucks,mobile,Phoenix,1
TX00762,1006,249.05,2023-05-04 17:10:00,Target,tablet,Phoenix,0
TX00763,1076,83.54,2023-04-01 07:20:00,eBay,tablet,Los Angeles,0
TX00764,1096,137.38,2023-05-05 14:47:00,Apple Store,desktop,San Francisco,0
TX00765,1041,645.6,2023-11-24 06:02:00,Starbucks,mobile,San Francisco,0
TX00766,1075,328.98,2023-04-23 08:14:00,eBay,tablet,New York,0
TX00767,1006,1893.44,2023-03-16 04:41:00,Amazon,tablet,Houston,1
TX00768,1037,1385.81,2023-01-05 14:27:00,eBay,mobile,Chicago,0
TX00769,1024,545.9,2023-04-16 07:32:00,Apple Store,desktop,Houston,0
TX00770,1024,257.18,2023-09-13 11:10:00,Apple Store,tablet,Los Angeles,0
TX00771,1057,1320.58,2023-04-28 22:49:00,Walmart,tablet,San Francisco,0
TX00772,1072,750.99,2023-03-27 16:32:00,Target,desktop,Phoenix,0
TX00773,1089,661.6,2023-06-17 16:19:00,Target,tablet,Los Angeles,0
TX00774,1082,530.56,2023-04-22 00:45:00,Apple Store,desktop,Phoenix,1
TX00775,1059,1748.2,2023-01-31 13:25:00,eBay,tablet,San Francisco,0
TX00776,1051,766.04,2023-05-10 02:00:00,Amazon,mobile,San Francisco,0
TX00777,1058,557.73,2023-08-13 21:22:00,Apple Store,desktop,Los Angeles,0
TX00778,1072,565.64,2023-12-15 08:16:00,Target,mobile,Los Angeles,0
TX00779,1065,1554.97,2023-06-25 23:47:00,Amazon,desktop,Houston,0
TX00780,1059,738.69,2023-07-23 14:43:00,Amazon,tablet,Phoenix,0
TX00781,1063,1764.73,2023-06-08 16:37:00,Target,mobile,Phoenix,1
TX00782,1079,48.87,2023-08-18 06:53:00,Walmart,desktop,Chicago,0
TX00783,1011,15.33,2023-09-14 17:12:00,Starbucks,mobile,Chicago,0
TX00784,1002,756.26,2023-08-11 02:46:00,Walmart,tablet,Los Angeles,0
TX00785,1098,1030.82,2023-10-29 13:39:00,Target,mobile,Los Angeles,0
TX00786,1008,1064.06,2023-02-02 16:32:00,eBay,tablet,New York,0
TX00787,1038,1833.87,2023-06-07 14:43:00,Starbucks,desktop,Houston,0
TX00788,1020,527.67,2023-09-09 17:22:00,Target,desktop,Chicago,0
TX00789,1092,1559.13,2023-12-17 17:46:00,Amazon,tablet,Chicago,0
TX00790,1049,1673.4,2023-02-07 17:21:00,Starbucks,desktop,New York,0
TX00791,1054,116.73,2023-01-03 22:19:00,eBay,mobile,Houston,0
TX00792,1036,1274.37,2023-08-17 03:06:00,Apple Store,desktop,New York,0
TX00793,1011,1161.44,2023-04-18 00:45:00,eBay,desktop,Houston,0
TX00794,1009,74.79,2023-07-05 15:03:00,Starbucks,desktop,Houston,0
TX00795,1094,1091.08,2023-09-30 10:40:00,Target,mobile,Houston,0
TX00796,1033,79.59,2023-08-27 21:49:00,Target,mobile,Houston,0
TX00797,1031,1888.24,2023-10-31 04:39:00,Walmart,mobile,New York,1
TX00798,1021,811.41,2023-02-27 18:12:00,Apple Store,desktop,Houston,0
TX00799,1039,695.92,2023-05-02 04:55:00,Starbucks,desktop,Phoenix,1
TX00800,1059,452.21,2023-03-01 15:10:00,Target,mobile,Los Angeles,0
TX00801,1002,1679.71,2023-12-23 03:42:00,eBay,mobile,New York,0
TX00802,1050,1184.76,2023-09-08 05:14:00,Amazon,mobile,Chicago,0
TX00803,1015,1637.68,2023-06-12 00:04:00,Walmart,tablet,Los Angeles,0
TX00804,1089,832.22,2023-04-15 14:52:00,Target,mobile,Chicago,0
TX00805,1005,46.51,2023-08-09 03:18:00,Target,tablet,Phoenix,0
TX00806,1069,1484.59,2023-07-10 10:33:00,eBay,desktop,Los Angeles,0
TX00807,1037,329.39,2023-01-31 05:09:00,eBay,desktop,Los Angeles,0
TX00808,1017,1296.59,2023-06-25 04:39:00,Walmart,desktop,Los Angeles,0
TX00809,1056,570.51,2023-05-08 05:07:00,Target,mobile,New York,0
TX00810,1026,1216.9,2023-08-03 03:17:00,Apple Store,mobile,Houston,0
TX00811,1036,1192.78,2023-06-20 21:49:00,Target,mobile,New York,0
TX00812,1060,208.03,2023-01-20 01:37:00,Amazon,tablet,New York,0
TX00813,1040,1698.78,2023-12-30 04:52:00,Apple Store,desktop,Houston,1
TX00814,1090,343.14,2023-04-22 18:49:00,Starbucks,tablet,Houston,0
TX00815,1080,1878.13,2023-09-24 14:43:00,eBay,tablet,Los Angeles,1
TX00816,1068,1943.0,2023-08-25 10:58:00,Walmart,mobile,Phoenix,1
TX00817,1011,526.84,2023-03-11 04:44:00,Target,desktop,Chicago,0
TX00818,1024,601.43,2023-06-05 14:55:00,Apple Store,mobile,Los Angeles,0
TX00819,1033,1386.67,2023-03-26 08:56:00,eBay,tablet,New York,0
TX00820,1088,686.84,2023-11-08 19:07:00,Amazon,tablet,Houston,0
TX00821,1081,1209.99,2023-04-10 04:50:00,Starbucks,mobile,Chicago,0
TX00822,1049,522.22,2023-12-01 08:26:00,eBay,tablet,Chicago,0
TX00823,1037,1821.34,2023-04-18 13:43:00,Amazon,desktop,Houston,1
TX00824,1001,703.33,2023-11-20 17:19:00,eBay,desktop,San Francisco,0
TX00825,1021,1076.43,2023-03-22 01:33:00,Apple Store,desktop,Phoenix,1
TX00826,1075,1977.77,2023-08-27 05:04:00,Amazon,mobile,Los Angeles,0
TX00827,1034,278.38,2023-12-05 01:42:00,Starbucks,tablet,New York,0
TX00828,1019,693.18,2023-03-07 03:58:00,Amazon,mobile,Phoenix,0
TX00829,1067,1070.2,2023-09-05 17:26:00,Walmart,mobile,Houston,0
TX00830,1043,1713.49,2023-05-26 00:44:00,eBay,mobile,Phoenix,0
TX00831,1031,133.26,2023-10-04 06:46:00,Apple Store,desktop,San Francisco,0
TX00832,1027,1577.22,2023-04-16 07:12:00,Target,mobile,Houston,0
TX00833,1001,1928.77,2023-07-16 12:13:00,Target,tablet,Houston,1
TX00834,1066,1043.57,2023-12-22 09:01:00,Starbucks,tablet,New York,0
TX00835,1085,1329.99,2023-02-18 21:22:00,Starbucks,mobile,Phoenix,0
TX00836,1032,1233.2,2023-05-15 17:17:00,Amazon,mobile,San Francisco,0
TX00837,1013,1084.83,2023-04-02 04:55:00,Starbucks,desktop,San Francisco,0
TX00838,1008,174.21,2023-06-18 02:08:00,Amazon,mobile,Houston,0
TX00839,1088,1340.62,2023-02-18 16:43:00,Walmart,mobile,Los Angeles,0
TX00840,1049,518.91,2023-02-15 15:57:00,Amazon,tablet,Los Angeles,0
TX00841,1094,1748.15,2023-03-18 19:12:00,Starbucks,tablet,New York,1
TX00842,1057,1721.47,2023-06-05 23:45:00,Amazon,mobile,San Francisco,1
TX00843,1068,976.78,2023-12-07 05:28:00,Amazon,mobile,New York,0
TX00844,1029,1383.97,2023-10-13 03:44:00,Starbucks,tablet,San Francisco,0
TX00845,1031,322.16,2023-06-16 04:08:00,Target,tablet,San Francisco,0
TX00846,1037,1429.71,2023-12-18 05:36:00,Walmart,tablet,Chicago,0
TX00847,1005,152.78,2023-05-30 16:18:00,Walmart,desktop,Houston,0
TX00848,1098,1490.78,2023-02-25 07:26:00,Walmart,tablet,San Francisco,0
TX00849,1057,547.07,2023-10-30 21:30:00,eBay,tablet,Phoenix,0
TX00850,1029,1752.09,2023-07-07 22:40:00,eBay,desktop,Los Angeles,1
TX00851,1063,1224.9,2023-08-02 12:32:00,Apple Store,desktop,New York,0
TX00852,1048,1714.44,2023-07-01 09:15:00,Walmart,desktop,Phoenix,1
TX00853,1052,341.07,2023-01-28 22:11:00,Target,desktop,Houston,0
TX00854,1047,802.0,2023-04-04 01:36:00,Target,tablet,Los Angeles,0
TX00855,1055,667.8,2023-05-30 06:44:00,Starbucks,tablet,Chicago,0
TX00856,1006,807.61,2023-10-28 21:56:00,Amazon,mobile,New York,0
TX00857,1080,1838.79,2023-02-03 22:54:00,eBay,tablet,Chicago,1
TX00858,1002,1910.99,2023-01-13 14:01:00,Apple Store,desktop,Phoenix,0
TX00859,1048,1058.4,2023-02-06 23:17:00,Starbucks,desktop,San Francisco,0
TX00860,1033,286.28,2023-06-24 10:54:00,eBay,desktop,Houston,0
TX00861,1088,1925.96,2023-11-19 22:54:00,Walmart,mobile,Phoenix,0
TX00862,1077,1547.38,2023-05-15 12:52:00,Walmart,mobile,Houston,0
TX00863,1060,220.36,2023-08-18 19:10:00,eBay,tablet,New York,0
TX00864,1029,1536.19,2023-06-24 19:23:00,Walmart,mobile,San Francisco,1
TX00865,1088,1160.56,2023-06-21 06:03:00,Starbucks,desktop,Phoenix,1
TX00866,1020,1102.45,2023-06-07 03:57:00,Walmart,desktop,Los Angeles,0
TX00867,1041,1724.05,2023-03-26 19:31:00,Target,desktop,Phoenix,1
TX00868,1051,30.74,2023-01-04 03:33:00,eBay,desktop,Los Angeles,0
TX00869,1006,1309.19,2023-03-27 05:52:00,eBay,mobile,Chicago,0
TX00870,1044,1818.85,2023-11-17 10:13:00,eBay,mobile,Phoenix,0
TX00871,1057,978.81,2023-03-28 01:19:00,eBay,tablet,Los Angeles,0
TX00872,1022,758.78,2023-10-26 13:12:00,Walmart,tablet,San Francisco,0
TX00873,1024,1294.7,2023-10-10 09:48:00,Apple Store,mobile,Phoenix,0
TX00874,1002,1993.85,2023-09-04 16:46:00,Target,mobile,Los Angeles,0
TX00875,1041,1385.27,2023-12-23 19:18:00,Target,tablet,Phoenix,0
TX00876,1030,1059.61,2023-01-14 15:01:00,Starbucks,mobile,Houston,0
TX00877,1094,958.3,2023-01-19 08:55:00,Apple Store,mobile,San Francisco,0
TX00878,1059,1774.5,2023-01-08 07:20:00,eBay,mobile,Phoenix,1
TX00879,1070,874.51,2023-05-17 11:15:00,Target,desktop,San Francisco,0
TX00880,1012,565.44,2023-02-13 08:03:00,Apple Store,tablet,Houston,0
TX00881,1016,1095.53,2023-07-28 04:00:00,eBay,desktop,Chicago,0
TX00882,1068,1912.0,2023-09-22 08:19:00,Apple Store,desktop,New York,0
TX00883,1068,578.66,2023-07-14 19:21:00,Target,tablet,Chicago,0
TX00884,1077,1903.33,2023-02-24 13:37:00,Walmart,desktop,Chicago,1
TX00885,1017,426.8,2023-02-04 15:06:00,eBay,desktop,Los Angeles,0
TX00886,1096,732.5,2023-07-11 07:23:00,Apple Store,desktop,Chicago,0
TX00887,1067,524.55,2023-06-18 11:46:00,Walmart,tablet,Chicago,0
TX00888,1045,918.69,2023-06-17 23:18:00,Amazon,tablet,Los Angeles,0
TX00889,1003,1446.07,2023-06-27 00:01:00,Walmart,tablet,San Francisco,0
TX00890,1079,29.35,2023-06-17 20:51:00,eBay,tablet,Phoenix,0
TX00891,1046,593.44,2023-05-27 20:52:00,Apple Store,desktop,Houston,0
TX00892,1092,963.57,2023-03-24 12:06:00,Target,mobile,Los Angeles,0
TX00893,1020,951.63,2023-06-23 15:05:00,Starbucks,mobile,New York,0
TX00894,1014,683.26,2023-10-05 03:06:00,Walmart,desktop,Houston,0
TX00895,1053,621.49,2023-02-22 13:05:00,Apple Store,mobile,San Francisco,0
TX00896,1066,941.67,2023-03-18 07:34:00,Target,mobile,Los Angeles,0
TX00897,1005,854.44,2023-07-23 01:17:00,Starbucks,tablet,Chicago,0
TX00898,1050,219.33,2023-10-17 17:01:00,Walmart,desktop,New York,0
TX00899,1050,705.02,2023-06-01 23:09:00,Target,desktop,New York,0
TX00900,1044,1360.29,2023-10-17 13:48:00,Starbucks,tablet,Chicago,0
TX00901,1035,486.5,2023-03-05 12:58:00,Walmart,tablet,New York,0
TX00902,1012,100.53,2023-06-10 23:18:00,Amazon,desktop,New York,0
TX00903,1072,1572.29,2023-02-12 05:18:00,Apple Store,tablet,Phoenix,0
TX00904,1043,300.27,2023-02-27 10:28:00,Starbucks,mobile,Houston,0
TX00905,1061,1429.83,2023-07-17 10:53:00,Amazon,mobile,San Francisco,0
TX00906,1019,235.59,2023-04-02 22:46:00,Starbucks,mobile,San Francisco,0
TX00907,1085,1419.34,2023-02-19 01:06:00,eBay,tablet,San Francisco,0
TX00908,1013,1934.07,2023-04-14 07:35:00,Apple Store,desktop,Phoenix,1
TX00909,1082,704.02,2023-08-05 05:25:00,Walmart,tablet,San Francisco,0
TX00910,1010,1278.08,2023-06-24 09:41:00,Starbucks,tablet,Los Angeles,0
TX00911,1059,1106.05,2023-10-05 07:39:00,Starbucks,desktop,San Francisco,0
TX00912,1001,1318.35,2023-02-27 16:03:00,Starbucks,tablet,Chicago,0
TX00913,1003,1091.6,2023-11-21 23:21:00,Walmart,tablet,Los Angeles,0
TX00914,1081,934.6,2023-11-07 20:03:00,eBay,desktop,Houston,0
TX00915,1047,1866.98,2023-10-15 12:33:00,eBay,tablet,Los Angeles,1
TX00916,1011,543.94,2023-02-25 18:55:00,Apple Store,mobile,Houston,0
TX00917,1076,1911.98,2023-01-11 21:15:00,Starbucks,tablet,Houston,1
TX00918,1035,1377.19,2023-11-08 23:25:00,Walmart,desktop,San Francisco,0
TX00919,1069,1603.15,2023-04-23 17:33:00,Starbucks,mobile,Phoenix,0
TX00920,1072,83.13,2023-09-13 12:22:00,Walmart,mobile,New York,0
TX00921,1063,618.77,2023-02-04 00:32:00,Walmart,tablet,Houston,0
TX00922,1001,651.19,2023-06-14 07:43:00,Starbucks,mobile,San Francisco,0
TX00923,1005,1987.38,2023-03-10 17:42:00,eBay,tablet,Houston,1
TX00924,1051,841.5,2023-04-19 05:38:00,Starbucks,mobile,Chicago,0
TX00925,1058,201.67,2023-06-23 17:39:00,Amazon,desktop,Houston,0
TX00926,1012,1944.4,2023-11-03 19:44:00,Walmart,desktop,Los Angeles,0
TX00927,1094,220.49,2023-10-10 14:06:00,Walmart,desktop,Houston,0
TX00928,1035,1041.9,2023-10-15 19:40:00,eBay,mobile,Chicago,0
TX00929,1052,949.74,2023-06-27 09:05:00,Starbucks,tablet,Los Angeles,0
TX00930,1009,83.7,2023-06-14 22:43:00,Starbucks,desktop,Phoenix,0
TX00931,1078,1800.49,2023-03-11 19:03:00,Walmart,mobile,New York,0
TX00932,1075,1550.23,2023-07-20 01:41:00,Starbucks,mobile,Los Angeles,0
TX00933,1045,887.81,2023-12-07 14:13:00,Walmart,mobile,San Francisco,0
TX00934,1013,1291.53,2023-08-16 13:58:00,Walmart,tablet,Houston,0
TX00935,1010,1161.08,2023-12-17 22:23:00,eBay,desktop,San Francisco,0
TX00936,1044,1885.56,2023-12-12 04:18:00,Apple Store,mobile,New York,0
TX00937,1096,981.72,2023-03-02 22:29:00,Walmart,tablet,New York,0
TX00938,1079,972.7,2023-04-12 21:42:00,Target,tablet,Los Angeles,0
TX00939,1035,1763.27,2023-10-06 00:54:00,Starbucks,desktop,San Francisco,0
TX00940,1041,1596.35,2023-09-14 16:06:00,Apple Store,tablet,Phoenix,0
TX00941,1048,388.41,2023-04-30 14:15:00,Target,tablet,San Francisco,0
TX00942,1074,1143.79,2023-03-04 01:27:00,eBay,mobile,Houston,0
TX00943,1088,484.68,2023-07-11 04:26:00,Starbucks,tablet,Chicago,0
TX00944,1069,725.99,2023-04-16 01:06:00,Walmart,desktop,San Francisco,0
TX00945,1032,936.18,2023-07-22 13:14:00,eBay,tablet,Houston,0
TX00946,1029,6.49,2023-06-08 07:20:00,Amazon,mobile,New York,0
TX00947,1075,317.76,2023-04-26 13:00:00,Target,desktop,Chicago,0
TX00948,1092,660.15,2023-03-06 23:06:00,Starbucks,mobile,Houston,0
TX00949,1006,34.52,2023-06-25 03:39:00,Amazon,tablet,San Francisco,0
TX00950,1038,1446.42,2023-10-18 10:48:00,Walmart,desktop,Los Angeles,0
TX00951,1014,887.75,2023-12-07 12:07:00,Walmart,tablet,Los Angeles,0
TX00952,1059,1955.64,2023-10-27 04:51:00,Walmart,tablet,San Francisco,1
TX00953,1029,1740.01,2023-01-24 07:52:00,Amazon,mobile,Phoenix,1
TX00954,1029,1370.47,2023-10-29 21:57:00,Amazon,mobile,Houston,0
TX00955,1006,418.63,2023-10-31 20:27:00,Amazon,mobile,Houston,0
TX00956,1029,1174.46,2023-07-03 08:07:00,eBay,desktop,Los Angeles,0
TX00957,1024,1802.78,2023-11-06 05:09:00,Starbucks,tablet,Los Angeles,0
TX00958,1092,349.36,2023-03-20 12:56:00,eBay,tablet,Phoenix,0
TX00959,1008,463.48,2023-09-20 03:11:00,Target,tablet,New York,0
TX00960,1010,1411.81,2023-06-06 07:05:00,Amazon,tablet,New York,0
TX00961,1011,764.27,2023-04-05 10:41:00,Apple Store,desktop,Phoenix,1
TX00962,1043,1639.71,2023-10-03 10:31:00,Amazon,mobile,San Francisco,0
TX00963,1080,767.67,2023-06-09 01:52:00,Walmart,mobile,San Francisco,0
TX00964,1017,12.19,2023-11-27 02:24:00,Apple Store,desktop,New York,0
TX00965,1031,87.97,2023-08-06 05:47:00,Starbucks,mobile,Houston,0
TX00966,1061,1557.86,2023-08-06 02:56:00,eBay,desktop,San Francisco,1
TX00967,1026,1821.07,2023-08-28 04:46:00,Amazon,desktop,New York,0
TX00968,1000,574.46,2023-01-27 18:02:00,Starbucks,tablet,New York,0
TX00969,1068,1909.37,2023-06-18 01:30:00,Starbucks,desktop,Los Angeles,1
TX00970,1050,1048.94,2023-01-04 18:34:00,Walmart,mobile,Los Angeles,0
TX00971,1093,1542.89,2023-02-13 05:15:00,Amazon,desktop,Los Angeles,0
TX00972,1033,435.8,2023-08-22 04:14:00,Walmart,mobile,Phoenix,0
TX00973,1016,1441.98,2023-07-24 23:41:00,Starbucks,desktop,Phoenix,0
TX00974,1031,707.98,2023-12-31 04:03:00,eBay,mobile,Chicago,0
TX00975,1004,1365.7,2023-05-13 03:21:00,Walmart,desktop,Chicago,0
TX00976,1036,1031.18,2023-09-20 01:45:00,Starbucks,mobile,San Francisco,0
TX00977,1098,909.91,2023-06-19 04:21:00,Walmart,desktop,San Francisco,0
TX00978,1078,349.49,2023-07-07 22:43:00,Amazon,tablet,San Francisco,0
TX00979,1076,1693.56,2023-12-25 15:55:00,Apple Store,tablet,Los Angeles,0
TX00980,1001,1572.45,2023-06-13 22:48:00,Amazon,mobile,Houston,1
TX00981,1048,701.31,2023-03-30 16:34:00,Target,mobile,Phoenix,0
TX00982,1023,1659.79,2023-08-12 01:21:00,Target,tablet,New York,1
TX00983,1059,1612.96,2023-07-23 08:21:00,Starbucks,desktop,Phoenix,1
TX00984,1093,954.16,2023-03-14 13:21:00,Amazon,mobile,Chicago,0
TX00985,1091,1949.84,2023-02-01 00:54:00,Apple Store,tablet,Houston,1
TX00986,1017,1315.79,2023-05-16 18:08:00,Apple Store,mobile,Houston,0
TX00987,1100,760.17,2023-07-31 20:59:00,eBay,mobile,New York,0
TX00988,1024,845.62,2023-02-03 05:43:00,Target,tablet,Chicago,0
TX00989,1038,109.88,2023-06-12 00:59:00,Target,desktop,New York,0
TX00990,1087,614.72,2023-09-11 20:04:00,Amazon,mobile,Phoenix,0
TX00991,1060,1457.87,2023-08-12 22:09:00,Walmart,mobile,San Francisco,0
TX00992,1093,1546.41,2023-12-31 05:52:00,Walmart,mobile,Los Angeles,0
TX00993,1087,586.68,2023-09-10 01:24:00,eBay,tablet,Phoenix,0
TX00994,1073,1613.3,2023-12-05 07:43:00,Walmart,tablet,Houston,0
TX00995,1092,567.83,2023-09-26 01:13:00,Amazon,mobile,Los Angeles,0
TX00996,1017,1710.16,2023-02-25 20:11:00,Apple Store,tablet,Phoenix,1
TX00997,1018,328.67,2023-06-11 08:17:00,eBay,tablet,Houston,0
TX00998,1047,783.56,2023-08-28 19:54:00,Walmart,tablet,New York,0
TX00999,1067,337.5,2023-05-15 09:43:00,Walmart,desktop,Phoenix,0
TX01000,1075,584.08,2023-04-03 14:46:00,Apple Store,tablet,New York,0
