review_id,product_id,customer_id,rating,review_text,review_date
1,16,368,4,Edge school during ground continue despite change by support play piece.,2024-06-17
2,81,482,5,Attorney could community lay line blue current.,2024-05-03
3,91,499,2,Bar decision deal available former you always standard man home.,2024-05-27
4,7,230,3,Almost particular heavy high food serve smile smile attorney rise score.,2024-09-25
5,8,257,1,Money pressure because rest likely floor us health serious chair mind significant account.,2025-01-26
6,72,43,2,Market which firm bill station play deal data relationship.,2024-08-24
7,87,242,1,Grow several challenge attorney him beat how check.,2024-11-05
8,96,42,2,Space choose suffer green open idea.,2024-05-10
9,82,95,3,Office trade live model artist other senior speech may each certain.,2025-03-03
10,38,434,1,Throw charge middle happen guy husband against staff.,2025-03-03
11,54,254,3,Summer decide event energy seem forward indeed enough approach of.,2025-04-13
12,76,188,1,Everyone center less reduce piece me film able blood.,2024-09-23
13,15,385,2,Less billion former Congress whom kid eight road over lay their.,2024-09-17
14,92,307,5,On feel pull gas red amount main home message television.,2024-11-19
15,50,400,5,Group traditional actually grow southern discover factor call blood drug near no usually.,2024-05-30
16,56,167,4,Determine card they natural time carry theory grow staff admit.,2024-10-24
17,95,271,4,Push late product little air should concern tough.,2024-06-16
18,9,125,3,Me matter discover suggest mind start must.,2024-07-03
19,8,161,1,Least financial window play drive city debate third.,2024-11-25
20,19,87,4,Certainly her attention cover reflect education eight tree hospital.,2025-02-27
21,51,309,2,Sister front bed my whose short garden city out indeed both.,2024-11-27
22,72,489,5,Congress number though one religious one.,2024-09-25
23,98,226,1,Thank both feeling right identify glass war.,2024-08-19
24,57,145,5,Although somebody able create month soldier budget.,2025-01-03
25,68,345,1,National guess writer interest wear dark.,2025-01-02
26,31,248,4,Science suggest future become contain floor they election forget court capital.,2024-11-24
27,3,362,4,Full trial recognize two happen positive seat statement reflect.,2024-08-25
28,99,6,3,Consider much very director tough write.,2025-02-10
29,83,31,1,Enter five perform care rate later college his.,2025-03-05
30,43,197,2,Practice question wind example floor weight social detail law language.,2024-06-11
31,29,232,4,Phone sound himself toward just culture reason step administration.,2024-07-01
32,10,296,3,Set system prepare will them win development decide none save.,2024-09-03
33,12,414,4,Shoulder its find sport quality laugh information yeah material cultural.,2024-05-08
34,46,325,5,Again interesting first risk new world.,2024-11-20
35,30,460,4,Relate week six myself if onto none manage science.,2024-12-29
36,94,135,1,Might PM election season system see without single plan.,2024-04-24
37,82,493,3,Quite production western everybody fish rest knowledge necessary.,2024-08-12
38,88,13,1,Second cell letter develop ability choose power fund.,2024-05-02
39,32,497,2,School subject item hold commercial those any to stop many attorney million.,2024-12-27
40,73,4,2,Answer tell across environment finally between compare child as new science.,2024-04-24
41,47,178,4,Floor clear discussion guess under Republican think character history school she network.,2024-07-15
42,88,234,3,Last common morning chair Congress performance need author small.,2024-10-03
43,63,259,3,Day sister others how employee remain serve room production pattern voice box expect.,2024-05-08
44,26,140,3,Have performance something hair analysis which.,2024-08-14
45,3,65,3,Through protect fear nothing machine become off major lay long local him.,2024-11-16
46,23,283,4,Guy serve rather service effort son sister find standard.,2024-07-25
47,75,363,1,Common above send behind list arm identify girl factor travel.,2025-01-08
48,74,306,4,Response young window should set attention.,2024-09-19
49,50,205,1,Lawyer need store six walk current red billion bad common choose by.,2024-07-04
50,36,17,5,Child reveal lot minute change bar foot value enjoy example deal material.,2025-02-13
51,13,200,5,Identify politics us much result decade education do less field there woman record.,2024-10-26
52,29,32,1,Whole building approach that clear character serious contain administration door leg about.,2024-08-30
53,38,212,4,Coach stop process seek environmental at some high character generation free strong drug.,2025-01-26
54,77,435,2,Movement oil activity I there dinner myself son stay.,2025-02-06
55,90,273,4,Vote table someone beat Republican debate case top glass price.,2024-07-03
56,84,290,2,Something fact build after often project station community understand fight.,2024-09-19
57,5,291,4,Staff team manage consider give visit matter risk like yourself.,2025-02-07
58,20,483,3,Production two produce single someone whose you phone.,2024-10-31
59,78,486,3,Oil chair glass new whatever change recognize affect sound store.,2024-11-30
60,14,234,5,Republican final me no sport happen fly owner bad yes citizen.,2024-09-10
61,8,408,5,Who radio national run want present commercial quickly line worry.,2024-10-02
62,48,182,1,Attention evidence image identify attack mouth start away dog hand wall result hospital.,2025-01-20
63,13,146,2,Mouth write might short short amount them sell.,2024-06-16
64,24,50,3,Move actually rest experience by again fast.,2025-01-26
65,79,430,4,Decade piece institution weight one might long.,2025-03-01
66,65,432,1,Product society bed next attention trouble number.,2024-04-24
67,86,103,4,Else win similar such bad play college but pay citizen return during season apply.,2025-02-18
68,34,33,3,Best art lot adult for while on.,2024-12-25
69,51,497,3,After good style military standard as least record they actually finish.,2025-04-13
70,3,471,3,Affect matter me word attack feeling whole.,2024-09-30
71,90,89,3,Team term system action discover west right of reality region cause away face real.,2024-06-24
72,78,485,4,Face baby two though cell build high provide eight.,2024-10-07
73,58,411,1,Candidate break course college past citizen consider particularly.,2024-05-30
74,72,385,3,Cup suddenly democratic lot material stand reveal drop interview for.,2024-10-05
75,55,341,5,Attorney also present stand follow argue list throw including else chance politics.,2025-01-12
76,80,315,1,Fly event throw opportunity garden effort prevent between.,2024-11-17
77,42,241,5,Small we human past including Democrat hot method.,2024-12-25
78,21,266,4,Become professor minute write against describe.,2024-12-30
79,10,223,3,Happy whether total plan machine save deep themselves cultural consumer whose.,2025-01-04
80,57,236,1,Condition friend serve certain herself election finally take most participant just.,2024-12-01
81,25,153,3,Particular black oil budget prepare industry.,2025-01-10
82,56,468,3,Office onto strong single available base miss.,2024-06-02
83,38,57,1,Capital house way eight any stuff west a dog consider several focus TV.,2024-05-17
84,86,322,3,Level notice task exist also us home include social.,2024-08-18
85,61,375,3,Out care allow federal follow civil.,2025-01-20
86,47,112,2,Also government PM within response debate car leg.,2024-05-11
87,54,15,2,On by event our prove offer challenge.,2025-03-31
88,46,412,1,Citizen ok writer teacher career argue same popular.,2024-08-27
89,68,269,1,Year family car choose their season involve but let word.,2025-02-24
90,4,114,3,Result station avoid sister people cold field number attorney final study.,2024-12-15
91,94,252,5,Hotel near college chance most black media charge interview me owner agency early.,2024-07-12
92,66,500,1,Month reality ago benefit one animal lay.,2024-11-17
93,93,374,3,Good live go pick item apply science.,2025-04-16
94,43,142,5,Water wall common writer state this.,2024-12-29
95,62,114,2,Model fly power customer son every long.,2024-11-27
96,100,450,1,Well issue environmental whom protect hard him.,2025-03-30
97,85,290,3,Shoulder news training within wife recent.,2024-11-23
98,85,483,2,Nation foreign form lose instead training mean carry result audience ten each.,2024-07-09
99,85,357,4,Professor data strong mean win stop center always meet still common.,2024-09-12
100,4,25,2,Still prevent mean board office factor production off shake.,2024-05-06
101,65,368,3,Actually participant team finish star television.,2025-02-16
102,62,310,5,Skill television treat woman upon deep form.,2024-07-20
103,90,255,4,She future catch main ask whether ten school.,2024-05-17
104,2,463,4,Keep determine budget want much number now shoulder.,2024-09-08
105,9,268,4,Newspaper four question already three cold study consider building end situation.,2025-04-02
106,57,126,1,Hundred turn western bill civil surface inside choice entire audience hold argue return he.,2025-04-14
107,45,393,3,Right our item hope around design but cup where understand.,2024-12-07
108,18,250,4,Boy ready another number rule me religious list positive scene.,2024-07-11
109,48,287,2,Other financial serious as town member process Mrs glass evening.,2024-08-10
110,42,334,5,Market might leader own including house act business.,2024-10-28
111,41,477,3,Nice study authority process any but.,2024-11-13
112,75,53,2,Today join doctor color money again have public yes five better expect step.,2024-09-09
113,89,368,1,Pretty single necessary head road hot.,2024-12-23
114,90,43,4,Almost Democrat certainly lose goal treat specific member in operation issue.,2024-12-08
115,58,166,2,Actually situation herself future white family unit.,2024-06-30
116,100,42,3,Instead research so world hear remember common force almost group listen answer policy.,2024-05-18
117,42,380,2,Voice daughter phone old rest song benefit one lose.,2024-07-31
118,35,456,1,Cultural teach article view several both.,2024-07-22
119,38,176,5,Middle develop debate total effort present home their close.,2025-04-14
120,67,67,4,Who visit point agent white show coach for box sound scene.,2024-10-04
121,41,66,3,Trip member officer sound south thus point full suddenly would.,2025-03-23
122,99,400,4,Design social project season training challenge field film form appear then exactly baby.,2025-01-31
123,50,83,4,Animal those idea cause continue yourself former difficult my.,2025-01-26
124,86,350,4,Organization me evidence material charge hundred.,2025-02-03
125,72,105,2,Gun church painting figure single owner.,2024-09-23
126,79,400,2,Yourself explain establish view season gun everybody collection.,2024-09-14
127,45,287,5,Voice into eat election know price close one leg until change.,2024-10-23
128,71,374,1,Team movement check to style direction peace choice loss.,2025-03-20
129,19,186,3,Pass thank thought perhaps read high prepare animal save.,2025-01-03
130,17,284,2,Special suffer though gun design full past.,2024-07-15
131,65,4,4,Buy media visit itself list man share bag how nature source human will.,2024-09-04
132,93,138,1,Though fine dinner try stop once trouble close trial any despite cell most.,2025-04-01
133,77,179,3,Market relationship summer speech yes which church manager unit goal.,2024-06-23
134,56,237,3,Response recently forget son best ready could.,2024-07-02
135,93,18,3,Develop north already particularly sea nothing apply Republican your state.,2025-03-23
136,41,303,3,Through visit perform economic assume speech hundred lose.,2024-04-22
137,42,416,5,Our keep tree something yeah stock accept.,2025-03-30
138,6,414,3,Rather mother at become administration subject but specific community.,2024-06-22
139,69,420,1,Let bit first program discover whole source truth.,2025-04-12
140,98,9,2,Hand every officer million serious generation around edge room or since.,2024-04-30
141,75,420,1,Well head find join prove political sort worker recognize nor drive.,2024-11-02
142,73,29,4,Tree growth major most personal teach significant I agreement stock up.,2025-04-07
143,40,144,5,The rich American force seem here realize past into property discover paper model.,2024-10-18
144,41,348,5,Still bit suggest assume skill indicate situation similar.,2024-09-06
145,9,149,4,His whole week let store space institution hard us.,2025-03-28
146,8,64,1,Drive about less walk general some may.,2024-11-10
147,44,367,1,Industry particular run enough win fight against anyone movement.,2024-10-12
148,58,450,4,Huge agreement rather close miss for buy color.,2024-06-14
149,67,380,3,Rate fire type value sell protect agree argue our part positive.,2024-06-10
150,13,187,3,Seven among mother chance note everything create until early reduce.,2024-05-07
151,19,366,2,Long voice range edge lose out fact college season travel or build.,2024-09-07
152,98,227,1,Box program on poor rock serve fall father space race heavy.,2024-12-30
153,96,118,1,Affect opportunity open low wish feeling.,2025-02-03
154,49,412,4,Fear cultural on hit wide without result thought five your wonder.,2025-01-27
155,80,439,4,Go area oil rise water growth able exactly.,2024-09-13
156,100,356,3,Hold example wonder before almost outside.,2025-01-26
157,82,254,1,Data stock history education media wide prevent continue occur friend public.,2024-05-10
158,78,31,1,For west he author few good live tough civil lay.,2024-09-16
159,30,161,5,Everything investment step tough human similar case great report finally about.,2025-03-09
160,66,215,2,Look win able through relate agent economy from.,2024-11-10
161,77,444,2,Necessary without success use station program ask.,2024-12-22
162,91,169,3,Practice market us add majority room property memory candidate hot.,2024-08-13
163,59,81,1,Clear list space pick administration American small.,2024-08-03
164,53,46,5,Would mouth skin argue sister radio staff huge face push interview down movement.,2024-12-27
165,52,49,1,Lot medical worry energy learn kid good option hotel participant night establish.,2024-11-21
166,81,449,4,Animal anything find throw join forward throughout computer exactly talk.,2024-11-01
167,31,298,3,Food safe necessary game none force collection.,2024-09-10
168,15,407,2,Range foreign million memory cold agree nearly strategy conference most each nor center.,2024-12-26
169,20,368,1,Responsibility teacher try admit must prepare produce debate.,2025-01-14
170,5,283,3,American whose real wall energy within decision season factor.,2024-07-29
171,7,473,2,Since list meeting stand security yeah article performance leader perform.,2025-02-16
172,18,416,1,World pressure it like maybe story.,2025-02-13
173,56,467,5,Project Mrs history bar idea between talk pattern market.,2024-11-07
174,75,88,3,Protect professional ready cost husband dark according hour TV moment.,2025-02-07
175,96,121,1,Season east full against adult increase alone large event number card coach.,2025-04-11
176,91,3,2,Season total character report pass article good ready whether hard threat.,2024-08-01
177,90,316,2,Trade like full notice southern sing black suddenly.,2024-06-28
178,45,460,5,Miss eat nearly this soon radio take tonight.,2025-01-28
179,28,227,3,Practice individual film sing save care article usually wall.,2025-02-20
180,50,79,3,Door yourself best staff guy hour treatment toward girl.,2025-03-08
181,2,145,1,Worry administration treatment both development marriage tough social control interesting poor rise.,2024-11-04
182,84,242,2,Arm film such then eat end learn chair ten trial.,2025-03-29
183,68,32,2,Eat yet most difficult trial produce interview space prevent seek find it.,2024-05-08
184,77,263,5,Hot rock stuff need him figure purpose.,2024-06-21
185,24,211,5,Charge soldier official foreign each between public coach ok million.,2024-05-09
186,48,71,3,Off what describe lead travel above rate guy generation decade.,2024-05-14
187,45,384,2,Sea fire activity population eight scientist bar.,2024-07-17
188,93,197,1,Purpose space attention personal phone send summer Mr defense garden want chair.,2024-07-23
189,58,58,4,Back team culture positive fine single bag happen.,2024-09-09
190,36,424,1,Ahead want strategy general red rule moment put such fund year heart.,2024-07-15
191,2,469,5,Analysis ok nothing who share training represent box degree language other behind others.,2024-06-29
192,18,112,1,Coach main become stock both usually glass site appear only blood usually.,2024-05-12
193,49,48,2,Show defense arrive drug north listen one unit.,2024-07-30
194,8,435,3,Show chance establish bag project impact spring arrive remain.,2025-02-11
195,58,185,4,Stage guess animal wish do exactly baby remember sort.,2025-04-02
196,15,367,3,Relate agent recognize people nor current share media travel nice.,2024-10-17
197,17,327,4,Entire share key window like billion.,2024-12-30
198,23,165,4,Article skin apply others avoid father.,2024-07-13
199,66,215,2,Billion produce himself rise check generation resource.,2024-11-29
200,70,331,2,Approach fill above deep east military marriage this.,2024-04-26
201,93,330,5,Stage effect start explain interest him turn race arm.,2025-02-13
202,27,121,5,Notice approach attorney power thousand today report ever specific.,2025-01-02
203,37,213,4,Story little blue talk thought court place Democrat account guy open.,2025-02-18
204,49,311,5,Serve use man determine boy someone under.,2024-05-01
205,64,41,2,Indicate few TV activity rise apply travel environmental machine order around himself.,2025-01-15
206,34,353,5,Police though bed near type accept one among certain world share environmental role.,2025-01-06
207,18,404,4,Research these so gun guy figure daughter risk ask.,2024-10-20
208,64,289,3,Later there save but language arm.,2024-12-23
209,74,168,1,Marriage item bill TV friend information huge much simply.,2024-10-11
210,44,483,5,Concern he name these condition community window none collection eight or see plan.,2024-12-24
211,17,34,2,Energy begin surface always this history mind him sound build.,2024-09-16
212,59,318,3,Use husband that team person under million professional air notice there.,2024-06-10
213,13,484,2,Attack conference challenge herself knowledge get however area kid should eye.,2024-12-12
214,52,475,5,Business record able rule and first book develop listen may important focus officer.,2025-02-28
215,60,275,4,Such age sure recent vote movie this people institution matter.,2025-03-02
216,42,427,1,Determine either two lawyer culture newspaper probably customer among.,2024-09-28
217,91,197,1,Trade step all standard order one experience.,2024-12-26
218,64,191,3,Language scene house close good daughter condition always technology move.,2024-08-01
219,66,221,1,Tough owner voice everything boy so herself adult step by your finish.,2024-12-15
220,34,10,4,Own worker base return act those accept affect late.,2024-06-26
221,95,120,2,Through hand occur maybe second debate instead whole value room to.,2024-09-10
222,87,123,4,Continue would watch this opportunity measure should thought.,2024-09-06
223,71,247,3,Reveal have them adult white window as cup large into mouth case.,2024-07-14
224,64,360,3,Professor kitchen dog poor common these travel crime five character eight.,2025-03-21
225,33,397,1,Close consider maintain small off spring enjoy although agent.,2024-09-23
226,12,221,4,Wife staff expert recently animal show baby leg remember politics.,2024-08-05
227,76,261,2,Morning chance above year you return.,2025-03-25
228,19,58,4,Month away sea gas minute us economic.,2024-10-08
229,9,315,2,Offer start miss admit really support appear place husband sell set.,2024-05-05
230,74,460,2,Weight before serve trial sometimes with weight.,2024-11-22
231,17,128,4,Then low land born play career work.,2025-02-24
232,50,187,5,Public to suddenly agree tonight home travel either piece fish behind news.,2024-06-05
233,39,205,4,Born consumer board at relationship leave decade table question.,2025-02-25
234,41,86,2,Ever drive apply through full travel tonight station free heavy.,2025-02-03
235,10,104,3,Run administration investment keep during agent current guess agent movement interesting article identify.,2024-04-29
236,12,143,3,Begin magazine series physical someone car.,2024-11-29
237,79,205,1,What late movie hand between but school lay.,2025-03-28
238,95,129,3,Support song form possible woman across bar center none bag and lot.,2025-04-16
239,15,246,5,Part inside call left per political know imagine.,2024-12-07
240,28,38,2,Blue fact organization high catch statement compare right each town feel.,2024-11-23
241,4,363,4,Tend she citizen upon foot not successful feeling partner.,2024-05-24
242,36,109,4,Street since mean exactly bank after have point season focus go might laugh.,2024-12-13
243,65,309,5,Gas its best exist father off responsibility teach answer name policy bed.,2025-02-11
244,98,52,3,Mission budget throw light bed Mr threat identify.,2024-12-20
245,47,1,2,Unit note laugh under him billion south toward author painting subject main green.,2025-01-26
246,81,11,3,Blue fly beautiful spend if class order rich sign stuff account.,2024-11-06
247,39,314,1,Top power understand night college just above writer parent fact listen because.,2025-02-12
248,38,235,3,Particular them fire reality medical do event future follow.,2024-04-29
249,44,128,1,Director surface option rate doctor happen arrive rise experience win might.,2024-04-30
250,51,424,4,Then himself only candidate blue American course news whole describe because send town.,2024-07-07
251,97,214,2,Young administration network believe few tough here word particular seat memory really.,2024-10-21
252,85,483,1,Mean bed his best some bad think record mention director ago Congress.,2024-08-30
253,26,444,3,Bag challenge outside brother ever miss news official provide if.,2024-10-14
254,36,243,3,Ground whose theory hold develop artist performance color movement young second.,2025-04-14
255,69,44,4,Often book strong future camera cost player Mrs recent environment everyone quite benefit.,2025-01-10
256,97,6,5,Human animal religious today any into management ready executive somebody radio show.,2025-01-21
257,1,156,5,Improve her people industry themselves serve state like enter in interesting.,2024-08-10
258,53,415,3,Whatever mind goal where picture point should become camera note part part.,2024-07-28
259,6,8,5,Call provide land section of ground save training his career PM.,2024-05-06
260,37,5,2,Store prevent success firm coach strategy create power believe scientist spring allow significant.,2025-01-03
261,2,362,5,Bit source international kind case pressure last shoulder point bank door.,2024-10-01
262,69,182,2,Important pull know true per how age.,2024-09-16
263,90,112,3,Chance under land light free agency make base against expect.,2025-01-03
264,41,492,3,Time those look want determine none them kid down eye.,2025-01-01
265,51,273,3,Act smile plant against service dinner begin activity its who enough class.,2025-03-30
266,47,422,4,Degree rate continue almost argue break yard certainly less player look see.,2024-09-17
267,13,265,5,Opportunity student others should almost standard lot free.,2025-01-12
268,76,458,1,Hard knowledge material budget area red home large morning article level occur.,2024-05-21
269,69,212,1,Could nor charge drug program serious conference example member throw brother.,2025-03-12
270,66,78,3,Current report or suddenly name positive property still send Democrat second.,2024-08-09
271,59,270,5,Amount modern else just century the should figure when discuss especially most attack.,2024-09-09
272,68,154,2,Probably true wonder old maybe even different road.,2024-05-24
273,59,221,1,Hour remain week might for data ready never.,2024-05-15
274,91,369,3,Finish prove challenge for condition middle team sign over give light capital since.,2024-05-10
275,10,446,1,Population office region its imagine factor use economic stay practice.,2024-07-10
276,13,347,1,Ability note letter one note cold protect.,2024-12-22
277,2,25,1,Argue onto require else stand interview director somebody we feeling capital.,2024-10-22
278,90,464,3,Age commercial or respond step term whose tell one catch service.,2024-05-25
279,15,420,3,What group oil behavior strategy democratic trip evidence natural.,2024-08-14
280,46,354,4,How city professional development work response what until throughout bad about note.,2024-07-19
281,57,208,4,Past ever purpose population still chair yeah than dream product idea vote long.,2024-10-29
282,10,417,4,Take they lawyer score culture challenge old serve night item.,2025-02-22
283,22,3,1,Laugh while pick certain that writer with family line.,2025-01-26
284,89,215,5,Bring break fact southern field ability parent probably resource.,2025-01-18
285,79,395,3,Start race away continue best development rule measure tax movement stage.,2024-07-08
286,77,112,4,Discuss know finish hold agent discover before talk point learn deep.,2024-07-21
287,8,442,5,Every around young bill ten weight score all discover visit much focus describe.,2024-12-25
288,21,192,4,Enough different right occur white her white student next.,2024-07-25
289,85,402,4,Sing authority blood operation modern cause candidate morning before stock allow themselves system.,2025-02-24
290,22,47,5,War then church trouble perhaps try very change fast.,2025-02-20
291,97,489,4,Put ok book if thus human ever.,2024-10-19
292,45,428,1,Decade some official attack ten skill national city carry because land agency.,2024-09-13
293,91,221,1,Enough feeling general how remember summer difficult within summer industry dinner.,2024-08-16
294,40,187,1,Store participant chance sing suffer fine different year place environment risk same.,2024-05-05
295,22,50,2,Single store your fine audience ok head we identify check attention kind.,2025-02-27
296,30,197,4,Beyond claim major pass scene note capital wonder.,2024-06-10
297,62,216,2,Think owner recent those example whether body listen.,2025-02-07
298,73,413,3,Face more leader include night leg experience project result culture discuss.,2025-03-22
299,45,221,5,Eat language school account figure air tree western.,2024-07-15
300,35,380,3,They source benefit institution recognize eat save space town education network agree.,2024-12-24
301,82,90,2,Cause feel produce relate push let left marriage design fight full hot.,2024-07-31
302,42,232,1,Defense might natural market inside international born.,2025-01-18
303,5,323,4,My bill star ok recent your rest eat prepare scene.,2025-01-27
304,27,258,4,Music something care lot choice security even report whom offer.,2024-10-09
305,70,153,1,Him care leave develop note tough bit protect prove art.,2024-05-04
306,62,256,4,Development live top remain growth commercial recently government.,2024-12-14
307,32,403,5,Pull mission wrong president why quickly.,2024-11-21
308,8,424,5,Conference reach store resource world receive ability question hope bring particularly.,2025-03-06
309,85,258,5,Something alone international style hotel force religious stock gun new lay nor.,2024-05-22
310,18,467,3,Girl draw major nor size firm hair government message since offer walk the.,2024-12-26
311,78,65,1,Great economic feeling teacher floor approach wall trial moment.,2024-11-18
312,15,190,5,Election staff loss ball it read entire theory according individual.,2025-01-25
313,26,91,2,Information night share official movie stand bit pattern stand throw.,2024-08-22
314,53,438,5,Measure away baby however hope amount between still enter.,2024-07-31
315,44,173,3,Middle center doctor politics commercial now ready building actually main.,2025-01-22
316,32,247,2,Throughout politics agency important simply stuff offer enjoy under out.,2024-09-27
317,28,256,1,In audience key reflect relationship fall summer up plan professional high.,2024-09-01
318,39,116,1,Than citizen capital before economic become over affect your.,2024-05-08
319,32,49,5,Event dinner hear drive weight start bill treatment meeting coach.,2024-09-03
320,77,227,2,Free home only interest have feeling section.,2024-11-11
321,79,489,2,Wide south another population imagine bar strong space heart take low couple.,2024-07-15
322,18,69,5,Most matter health eat specific sea fast down energy.,2025-02-28
323,70,422,5,Expert if laugh today American Mr well.,2025-03-16
324,11,388,4,Performance high report rule ground past free.,2024-06-23
325,32,401,4,Still left chair billion name blue.,2024-06-22
326,20,126,5,Memory think experience give example thus line sign natural occur.,2025-03-02
327,97,437,3,Water parent citizen short professor agree.,2024-08-29
328,40,213,4,Dream home strategy open race boy paper him sport.,2024-12-31
329,8,53,5,Republican step left popular mention necessary organization line study head its.,2024-06-05
330,35,112,2,Score here imagine give beautiful reason east my their film.,2025-03-03
331,69,159,4,Care benefit artist current worry lay out sign remain soldier dinner many.,2024-12-26
332,99,240,3,Research stand into game source including PM road scene choose keep military car.,2024-12-17
333,78,150,1,Arrive although much end woman conference great ago owner treat like.,2024-08-12
334,21,139,2,Scientist answer end kind suggest listen.,2024-09-12
335,24,418,3,Size receive sing avoid score husband.,2025-03-08
336,17,113,3,Garden about sense today every talk per food specific.,2024-12-20
337,18,143,3,Raise lead example brother similar catch task cultural show southern place customer itself change.,2025-02-11
338,98,370,2,Owner partner their chair father PM business reveal help trade discover nice century.,2024-10-30
339,12,138,3,Fight push hard threat born keep clearly single.,2024-11-20
340,16,486,1,Close act company day and people.,2024-07-02
341,4,480,4,Form hot our five soldier lead stage adult lead example.,2025-01-19
342,89,437,2,Sign analysis ability grow record provide get child read care forward.,2024-11-14
343,34,304,3,Control surface art individual total everything experience miss hard quite remain despite at.,2024-11-05
344,92,31,5,Exactly than investment only anything likely many.,2025-01-05
345,46,293,4,Position sense computer week them get plan hard could.,2024-06-02
346,75,108,2,Language little practice factor smile identify.,2024-05-18
347,77,284,5,Walk measure site area standard computer administration capital company choice.,2024-07-04
348,31,159,5,Late agree person region newspaper wide bar administration right yes guy.,2024-11-30
349,25,326,3,Address end along trade dog level easy stop must rule part.,2024-04-28
350,74,14,2,Bring your ball dark group catch growth pressure system admit candidate.,2024-05-16
351,24,122,3,Leg push note weight who light.,2025-01-21
352,65,215,1,Section fish response discuss girl plant outside put white.,2024-09-27
353,25,272,5,Them fine lay bar rich those hotel eat claim.,2025-01-11
354,28,25,1,Her coach consider himself land fund whose off would ask security popular.,2024-08-02
355,36,423,3,Reach nice every win lose school.,2025-03-17
356,82,322,4,Stand ever car individual but hit court article and term.,2024-08-07
357,6,294,5,Everything decide few sign east woman safe something tree central.,2024-07-12
358,66,169,4,Which prepare certain record across meet region thousand hospital born respond.,2024-09-12
359,67,103,2,Present argue total own store picture instead white and.,2024-07-27
360,72,354,5,Authority also phone real surface court bill relate country attorney collection visit.,2025-02-20
361,95,371,1,Charge government home town avoid meet you cold score.,2024-06-09
362,48,40,4,Land fall region return board first.,2024-07-26
363,83,235,2,More character audience many never wonder baby night ask foot member a our.,2024-06-08
364,70,320,5,Responsibility market group similar material trade its maybe.,2024-11-23
365,78,89,2,Whom success laugh animal draw imagine local to deep attorney religious memory office.,2025-03-29
366,67,100,1,Everybody it easy whose first test six cultural write gas behavior eight also.,2024-08-21
367,48,144,5,Enjoy act together first daughter measure.,2024-05-03
368,65,82,2,Consider federal send later player service American start garden subject war moment.,2025-03-01
369,44,77,3,Run wife church international wide strong offer available hope.,2024-06-21
370,94,59,5,Care line key fact want watch foot sister.,2025-01-16
371,63,229,5,Word yeah bill forget remember support hold serve beat certainly.,2025-02-24
372,46,91,5,Support stay meet future goal member determine increase audience.,2024-08-26
373,19,354,5,To window bit Republican draw take agency somebody ok nation see.,2025-03-29
374,64,395,3,Record debate write fly myself first west close act know.,2024-04-23
375,83,1,1,Into image region media moment drug modern.,2025-02-21
376,73,269,3,Skill husband among four way ten move live.,2024-08-18
377,71,286,3,Sign throughout dinner with attack end.,2025-01-05
378,50,197,2,Generation reflect east phone floor technology begin guess foot something financial.,2025-01-19
379,63,274,4,Ever very whatever during us fast industry TV.,2024-07-19
380,41,78,4,Husband person tend actually well opportunity response energy move indicate step.,2024-11-21
381,7,141,2,Experience continue fly size long claim great management.,2024-10-23
382,9,288,3,Knowledge direction wait page sing issue amount far resource me former.,2024-07-22
383,4,71,2,Actually firm man economic box represent individual.,2025-04-14
384,89,456,5,Admit gas alone TV class mouth direction last our camera how other.,2025-03-22
385,49,50,2,Imagine chance evidence rate measure too statement indicate party western.,2024-06-12
386,76,455,2,Call voice establish by behind more difficult represent fish exist along see.,2024-11-23
387,6,372,5,Voice win strong positive skin surface participant notice evening push degree.,2024-11-13
388,82,369,4,Stop not clearly me every whom part.,2024-05-13
389,21,80,5,Look mean wrong night agree product position.,2024-07-04
390,15,235,1,Wear attention election from hit nice here direction part last.,2024-12-29
391,67,287,2,Receive near use operation plant evening beautiful compare.,2024-10-19
392,66,307,2,Truth modern interview then reflect generation operation conference five college cup.,2024-04-21
393,56,155,4,Some star sister bar enjoy against trouble article.,2024-05-17
394,68,60,3,Year campaign candidate beautiful simple performance him positive.,2024-07-05
395,32,33,5,All chair within four religious religious grow off bit professional stand.,2025-04-04
396,66,437,3,Study discussion shake exactly fact now choice else camera despite us only.,2024-10-08
397,29,127,1,Television sound town law charge old onto cause upon give television program.,2024-10-02
398,66,221,5,Over gun drive ok himself become fill represent two successful field building food.,2024-09-08
399,34,200,1,Manage kind early name same also especially shake character entire read notice.,2024-11-30
400,27,417,1,Method style game school add PM investment would wait card tonight rest raise.,2024-07-20
401,60,126,1,Town city others unit win hit story number military board building too.,2024-09-02
402,39,41,5,Food tree tax training child property.,2024-08-30
403,44,275,5,Hear marriage eye sure maybe try hard.,2024-12-20
404,82,469,4,Heavy girl thought street radio industry water would everybody range American evening add.,2025-04-04
405,36,297,2,Pick break get culture green off similar mind great each tax peace.,2024-10-31
406,19,85,3,Raise safe age few event ball young reflect one vote popular free step.,2024-06-13
407,91,89,3,Describe successful south particularly between top knowledge husband side sense.,2025-01-02
408,45,42,1,Cell card nice east religious special money huge.,2024-11-24
409,84,120,5,Probably television what certain arrive dinner century young from.,2024-07-08
410,21,279,5,Tree nation up and newspaper risk smile against whom.,2024-07-09
411,23,459,1,From PM citizen indeed see theory save crime front pressure cold office rock dinner.,2024-09-01
412,94,33,2,Hospital race pull their performance wrong agent push main attention money.,2024-09-09
413,89,276,3,Establish movie stuff drug trouble writer owner store.,2025-03-16
414,95,153,4,Walk ready admit live into young economy natural rule company half up.,2024-09-01
415,27,90,2,Would across site everyone tough central peace place others wide position.,2024-09-21
416,98,104,5,Likely manager sister less wind skill large news research.,2024-05-25
417,72,436,1,People prove analysis sing strategy trade operation fill land pull site card.,2024-05-19
418,19,12,3,Program wrong wish involve every financial shoulder recognize care.,2025-01-18
419,41,160,1,Federal kid factor able this at.,2025-01-27
420,26,417,5,More possible should main key behavior probably upon.,2024-10-24
421,28,458,1,Ten toward reflect cover tree I court.,2025-02-22
422,64,196,3,Perhaps more field news list certain human stand.,2024-11-21
423,68,399,1,Sea information thought future be woman boy offer consider without.,2024-07-01
424,95,307,3,Amount yeah with point sure affect.,2024-10-04
425,80,262,1,Physical staff stay dark not benefit imagine east place region town.,2024-04-22
426,51,91,1,Conference finally cold teach become where expert story serious.,2024-11-05
427,74,197,3,Art bit grow leg believe much pass throughout until particular parent.,2025-03-22
428,48,69,1,Second institution example poor exactly have live billion give sure billion including what.,2024-08-18
429,10,466,2,Necessary message garden name scientist style indicate commercial type.,2024-08-10
430,73,220,4,Need process have catch report daughter.,2024-07-22
431,39,419,2,Sell democratic we structure leader worry second result bill year.,2024-12-12
432,100,379,4,Child ready catch card lead one high wide a state maybe visit coach.,2024-10-17
433,100,214,2,His win player sit institution detail will during case fear conference its today.,2024-07-16
434,19,418,4,Success drive have assume whole fill suggest newspaper role.,2025-04-05
435,64,447,1,Strategy his what behind leg nice what citizen fire.,2024-10-27
436,19,452,3,Also important more difficult nation evening challenge hot.,2024-12-22
437,76,146,3,Performance detail see still nearly war name tend dog ability write nature.,2024-07-08
438,62,233,5,Region popular traditional local pretty board ground summer room war.,2024-11-05
439,13,371,4,Drive son make purpose thousand myself live.,2024-06-16
440,25,410,5,Hard whose end rate take attack candidate data challenge right simply.,2024-07-03
441,100,234,5,Country send especially sometimes shake water available heavy result scene heart.,2024-05-29
442,89,214,4,Million huge pay answer successful modern example recently budget.,2024-11-06
443,92,367,3,Teach throw method nor suggest job.,2024-05-11
444,42,481,4,Next actually executive challenge any need church.,2024-04-26
445,39,61,1,Democratic soon point support force no may situation center.,2024-04-16
446,30,363,5,Activity anyone rather series send about quickly even dinner show television public.,2024-08-11
447,5,78,5,Animal art company company quickly prevent worry get near event us soon.,2024-10-14
448,81,95,4,History to offer safe professor eat edge serious now analysis game next community.,2025-01-30
449,18,330,5,Picture particular professor big year determine chance building.,2024-11-15
450,21,499,3,Seek oil two believe why week.,2024-10-16
451,86,216,5,Outside executive behind nearly social building ok herself anything believe hold budget.,2024-09-14
452,50,213,4,Knowledge month camera plan court care born make detail top leave glass.,2024-10-18
453,6,304,3,Only win resource fear black into stand guy personal build radio.,2024-10-02
454,50,200,3,Address Mr recognize dinner door night audience force where among.,2024-09-24
455,80,352,5,Actually adult wife would direction little art leg majority particularly environment director spring.,2024-05-18
456,66,31,4,Which happen party air call poor choose front reveal seat thought Congress investment.,2024-11-09
457,1,290,5,Likely now statement another whether later single catch leg travel size his occur.,2024-05-14
458,57,343,1,How suddenly on meet night public recognize race.,2024-10-26
459,30,473,1,Community value yourself nation agent eye thing man.,2024-12-23
460,58,135,3,Along condition heavy miss politics day ability increase another.,2025-02-22
461,52,83,5,Large according drug bar whether top story.,2024-05-27
462,37,391,1,Receive traditional doctor traditional star card type candidate reduce represent.,2024-12-03
463,48,47,2,Professor husband show particularly worker institution find.,2024-06-12
464,87,392,1,Food off market street region defense pull play.,2024-09-08
465,1,206,5,Cold start seat power score every author college gas instead Mr.,2024-09-18
466,19,385,5,Suggest probably no recently down her somebody yeah stop almost share democratic event.,2024-08-27
467,46,381,1,Yeah action dark involve from particularly involve.,2024-09-01
468,67,77,5,Prepare should may them dog arm Mr view.,2025-03-22
469,2,259,5,Without call full once feeling fear create.,2024-10-08
470,56,437,2,Including young total with expect learn yourself the.,2025-04-08
471,17,92,3,Above community challenge leg large a environment draw financial ok office cultural.,2024-08-19
472,92,422,5,Spend economy plant budget pay moment TV join by away soldier position without.,2025-03-13
473,82,435,4,At lot say cut third memory analysis discussion.,2024-12-21
474,97,399,3,Significant determine food reflect tend also with.,2024-05-06
475,79,100,3,Wall remain could or agency could.,2025-03-17
476,22,383,4,Class receive purpose us wish factor teach you and focus time.,2025-01-07
477,27,195,1,However make none cost enter nothing chair miss central feel yard future available.,2025-03-01
478,55,192,2,Season election middle worry what indicate ago before feeling.,2024-12-28
479,32,68,5,Sea about whole everybody move drive right actually whom measure power listen eight.,2025-01-21
480,60,389,1,Lot miss season into free structure show main way individual more admit that chair.,2024-08-06
481,83,242,4,Less management nature direction prevent begin line recognize.,2024-12-05
482,28,90,2,Indeed seem more yet particular suffer song nor turn card continue others something.,2024-11-02
483,28,345,2,Relate wear nation probably case various industry reason.,2025-03-08
484,74,10,2,Technology he girl suffer science man issue.,2024-07-01
485,84,264,4,Without level stock spend contain move either but budget south officer.,2024-07-27
486,25,268,1,Into performance instead better some candidate prevent thought course.,2025-01-06
487,85,320,5,Chance difference different man very old.,2024-08-23
488,78,118,2,Main threat special important race future common actually material feeling clearly check goal.,2024-11-17
489,86,250,2,Dinner suddenly mother feeling hair director remain glass.,2024-12-21
490,26,59,1,Bed a everyone generation cell term catch conference save building certainly.,2024-08-01
491,75,195,2,Walk popular have listen special pay country.,2024-07-06
492,71,475,2,See respond record agency bed significant adult degree into pattern their.,2024-08-27
493,17,50,4,Table data human where for accept recognize open.,2024-08-19
494,82,407,3,Also city various contain middle perhaps usually return never few six late time.,2024-07-16
495,7,296,1,Painting doctor eight somebody live number democratic particular.,2025-02-19
496,56,378,1,Lead put right hair perform big option fine great rate section.,2025-01-13
497,64,97,1,Particular hit mean drop so whose get successful play hour sense minute news.,2024-09-20
498,20,462,4,Yeah purpose leader significant information pass human design for talk.,2024-06-20
499,38,127,4,Group turn strong if choice offer price support.,2024-05-16
500,75,246,5,Concern maybe nice job short break success quality whether night.,2024-07-07
501,58,87,4,Local weight until century yourself on usually forward.,2024-07-14
502,16,479,1,Necessary life may sort certainly far man.,2024-08-16
503,51,77,5,Understand growth cost can thank visit.,2025-02-15
504,27,377,3,Without inside environmental skin contain red hotel professor.,2024-12-03
505,51,204,2,Interesting avoid leave energy activity set lawyer behind.,2025-04-15
506,75,483,2,Heavy senior main kind already reach.,2024-05-24
507,16,146,5,Store executive including responsibility receive blood check able.,2024-08-17
508,87,149,3,Analysis place identify instead hotel age low force.,2024-12-14
509,60,493,2,Everyone phone draw upon talk common college eight.,2024-04-29
510,76,111,5,East win member under recognize watch various foot skin movie clear organization film.,2024-08-16
511,40,490,4,If seek thus history might speak second person last party effect.,2024-12-07
512,67,129,1,West program admit country able business easy clear seem artist tree stand life.,2024-11-03
513,2,253,3,Within speech reflect than if government child lawyer out her want night popular.,2024-11-12
514,48,166,2,Leader apply answer set family east show fish like wall rather.,2024-11-30
515,52,297,1,Notice marriage life let set alone approach sport.,2024-09-13
516,24,426,5,Ago industry address behind certain provide positive yes anyone lay own they sense.,2024-10-26
517,93,495,2,Lawyer small meet value what program feel campaign stop himself.,2024-07-20
518,98,137,1,Letter smile forget keep do trouble ever within or list short whether.,2024-10-30
519,84,279,4,At our green agency even alone part property agree system successful together.,2025-03-12
520,82,334,3,Child beat while almost rule statement training company those expect help.,2024-11-03
521,78,11,5,Plant nation five again car above study Mrs class.,2024-10-12
522,82,71,2,Lead best little effort find certain few political add western case.,2024-06-26
523,2,159,4,Yes impact pick enter increase key win sometimes agent Democrat.,2025-01-22
524,65,216,3,Reduce those would talk reflect personal fish investment protect way analysis can not.,2024-12-07
525,20,26,3,The morning son song power would ability provide sister.,2024-09-24
526,34,286,4,Pretty old resource add four challenge remember natural street free need.,2025-04-01
527,41,162,2,Current understand question factor some at first contain trip break story.,2024-09-13
528,41,430,3,Set high campaign your cell chance rather.,2025-04-01
529,75,102,5,Actually seven I by speech check include cold direction soldier support.,2025-04-03
530,91,69,1,Ground win together beat exist animal car however we.,2025-01-03
531,23,133,5,Learn cut safe senior practice middle pass coach four me support Democrat dinner.,2024-08-10
532,38,189,3,Occur reduce car quite nothing form consider college each check.,2024-08-30
533,44,211,1,Person miss coach treatment paper reflect stand.,2025-04-07
534,67,243,4,Term only risk company perhaps relationship realize late notice pressure street treat.,2024-10-01
535,62,166,1,Court including occur ground respond cold thought them common.,2024-11-16
536,12,412,1,Kid its focus break low PM level Republican produce other mother.,2024-05-18
537,30,410,1,Huge music center thought rather western road provide enter right party book.,2024-07-15
538,95,61,3,Outside process manager sister car response start toward easy especially early tree itself.,2024-09-25
539,87,362,2,Lawyer live audience if board career.,2024-04-23
540,65,279,3,Doctor because tough standard put level computer theory spend hit more reveal best long.,2024-11-05
541,41,430,2,Indicate man speak themselves stage soon computer tell yeah indeed report.,2025-03-06
542,20,113,4,With every system call many tough well task two law continue recognize type.,2024-11-02
543,6,30,4,Heart listen right type team move government everything interest.,2024-12-22
544,75,323,4,Decision yeah next report agency do admit star argue.,2025-03-26
545,99,476,4,In west unit happen enjoy floor want involve.,2025-03-30
546,4,161,4,Turn run control option office both.,2025-03-23
547,93,234,5,Hospital manager recognize catch company reason impact together teach weight.,2024-08-27
548,10,387,3,Remember them heavy top degree think marriage really good phone.,2024-04-18
549,51,453,2,Probably bag different detail note left PM democratic.,2024-05-21
550,93,377,4,Too news reach know real change someone.,2025-01-20
551,38,339,5,President for guess cultural few none story collection find image fear game.,2024-09-09
552,1,170,5,Seven yeah expect wife police around say reveal today.,2024-12-14
553,8,318,5,Company his address once apply Congress seek development.,2024-08-26
554,81,186,3,Leader line expect professional add situation need.,2025-02-13
555,83,57,4,We this wind ago mother moment cost new almost.,2024-08-10
556,63,240,5,Girl month person machine traditional try prevent loss.,2025-01-05
557,33,257,5,Store race assume teacher performance system.,2024-10-07
558,15,358,4,Military thus future without author bill trouble back.,2024-07-15
559,31,201,3,Level attention beyond tree somebody defense wear world rest clear effect grow energy.,2024-06-12
560,21,444,5,Time father term cut away officer about send.,2025-02-14
561,3,325,2,Body win woman economy nice debate activity test reduce.,2025-01-28
562,66,315,1,Poor ten image tell politics charge central firm source.,2024-08-20
563,35,302,1,Sometimes growth avoid public shoulder ability edge message upon teacher.,2025-01-31
564,41,106,1,Carry either moment perhaps foreign pressure tell accept down she add fire.,2025-03-21
565,59,290,3,Source yes least answer probably sell arm hospital range usually policy method interesting.,2024-05-03
566,16,101,5,Point her world seat someone town care wrong even game.,2024-05-12
567,56,97,1,Stop enough chair remember measure actually adult miss prove full treat.,2025-02-18
568,45,153,1,Everybody conference crime early meet condition one hotel how woman each.,2024-10-22
569,59,426,4,Chair star system task buy material could now at born.,2024-12-12
570,50,29,5,But suddenly as consumer there future born development.,2024-07-25
571,85,153,5,Finally fast Republican accept only price common.,2025-02-03
572,12,438,4,Peace scene after piece pay bit woman movie building.,2024-07-15
573,92,379,5,Oil teacher number affect morning computer wonder similar be.,2024-09-03
574,12,73,2,Write serve test less very work size professor instead fight avoid see.,2024-12-17
575,33,254,3,Fish floor listen there fire instead leave hundred mean last his.,2024-08-23
576,84,451,4,Tonight alone whole one feeling usually charge what whatever through fast.,2024-06-10
577,49,399,1,Player ok ability people fly will financial if rate daughter interest unit house.,2025-04-14
578,21,4,5,Whatever appear its adult husband listen service raise chance.,2024-12-05
579,60,237,2,Suffer senior cause follow quickly share per news.,2024-05-28
580,52,38,2,Call story student ask off science buy of what hospital fine.,2024-05-21
581,54,20,3,Indeed join key Republican interest pull threat challenge action several former per.,2024-06-11
582,39,113,2,Whether two summer teacher vote various put drop here scene time perform center.,2024-12-04
583,49,23,5,Once create indeed worry value network practice kind process cost class visit.,2024-09-12
584,64,421,5,To baby than ability speak spring knowledge whom.,2024-09-25
585,100,446,2,Sing respond southern success student drug protect avoid sound hotel affect.,2025-02-21
586,86,367,5,Dog top company six hospital style school.,2024-12-04
587,26,136,5,Inside catch heart this a environment project such until usually.,2024-08-18
588,71,421,1,Very today arm it structure send popular thank.,2024-10-25
589,7,248,4,Director three second along enough hour.,2024-10-04
590,72,301,5,Next operation need drop question practice cell threat hope seek get.,2024-09-05
591,62,97,5,Some deal or as positive feeling ever too.,2024-07-02
592,90,33,3,Small alone none him against expert himself.,2025-02-14
593,88,135,4,Discussion special shoulder watch be daughter available serious law available industry policy less back.,2024-08-19
594,24,255,4,Affect career tree anyone fast authority claim memory over person.,2025-01-13
595,40,278,4,Wish art institution behavior we watch whether wife pick kind yourself.,2024-10-18
596,76,133,2,You gun where clearly career have.,2024-10-13
597,47,238,1,Anything daughter physical morning that just nature away finally defense three with.,2024-11-02
598,8,15,1,Easy than yard it position pay early opportunity.,2024-08-10
599,54,277,3,Above study magazine once expert court that.,2024-10-21
600,9,126,4,Sound mean movie most need wish might executive gun offer join eight.,2024-09-25
601,3,345,4,Evening glass while political strong old audience so million.,2024-04-22
602,54,17,5,Star community whole night effort three society.,2024-06-16
603,21,312,2,Stock economic assume ready mean professional lead wall far whatever black computer mouth.,2025-03-18
604,95,50,2,Risk option yes true defense toward support different billion else especially.,2024-06-30
605,48,135,3,Do choice seven nature positive which.,2024-06-21
606,47,118,1,New benefit summer buy campaign citizen billion single apply research weight issue.,2025-03-20
607,88,378,4,Early citizen three girl sing identify response.,2025-03-01
608,68,306,3,Turn whether expect gas hand deep for couple mention arrive answer.,2025-03-16
609,84,60,2,Head onto move for join out best outside type single.,2024-11-14
610,63,125,2,Stuff democratic somebody knowledge receive out father box wear quickly.,2025-01-02
611,16,467,2,Page huge measure data people support home author voice decide upon possible.,2024-12-09
612,74,116,4,Since suggest light industry thus American edge voice plant happy fly.,2025-01-02
613,90,391,4,Operation manage ten future be various.,2024-08-01
614,93,424,4,Glass expect responsibility compare action red determine risk remain building measure.,2024-12-26
615,5,173,5,Career significant force certainly maintain Congress stop argue mind.,2024-06-25
616,11,187,1,Unit adult still century onto magazine support everybody skill someone material machine long great.,2024-05-06
617,29,498,2,Assume hard both pressure generation force practice.,2025-01-19
618,79,88,2,Start political some cause unit always treat summer reason over.,2024-08-03
619,70,203,5,Every goal together charge nor around TV senior here seem interview.,2024-07-11
620,48,361,2,Lose treat surface meeting follow response goal score.,2024-06-21
621,15,311,2,Different meet place three political smile hand offer prevent on never help during.,2024-11-24
622,84,320,4,If camera education sense modern discuss decide forward.,2025-01-12
623,34,449,4,Data fight worker this around issue keep city debate cell father.,2024-11-14
624,60,182,1,Mrs market professor away animal discuss down work agent.,2024-09-18
625,62,352,2,Artist tell pattern threat investment red experience my.,2024-06-11
626,2,168,3,Street turn management back across production but garden shake.,2025-04-06
627,80,181,2,Accept prevent already travel senior garden between interview.,2024-05-20
628,19,300,2,Front record record far notice accept key computer enjoy phone network low.,2024-11-13
629,98,447,1,Structure involve magazine talk treat many government reduce number who represent.,2024-11-28
630,49,130,3,Live industry huge few ok hospital anything option.,2024-09-15
631,78,463,2,One threat quality occur whom physical style.,2024-06-26
632,88,149,3,Quickly other direction thing too director region.,2024-10-13
633,28,472,4,Participant mouth affect assume picture world both once especially environment present natural carry.,2024-09-19
634,48,306,4,Indicate probably bit test herself sign still.,2025-03-18
635,96,209,3,Ability deal edge sport decade officer concern degree special best.,2024-12-01
636,37,111,2,Meet beat item answer movie center street figure market.,2024-05-15
637,74,436,3,Create yet place detail operation usually outside difficult area education impact.,2025-02-12
638,49,500,3,Hope serve respond begin throw court risk choose strong.,2024-10-03
639,48,137,4,It about example article environment hour firm.,2024-10-06
640,73,355,3,Feeling role various apply plant character health a enough.,2024-11-11
641,88,404,5,Yourself population issue ask animal drop her meeting sound.,2025-01-30
642,100,211,5,Film safe cup bring kid administration.,2024-07-10
643,29,146,4,Check watch night south owner cold degree.,2024-09-09
644,60,84,2,Shake place professor easy popular will marriage democratic body position reduce stay already.,2025-02-25
645,29,30,2,Scientist job case likely economy marriage like.,2024-11-19
646,58,488,4,College sign key fund ok style possible.,2025-01-01
647,48,65,2,Always start movie whose he want.,2024-08-14
648,23,24,1,Happy size thus list foreign industry order.,2024-08-07
649,27,472,5,Collection a but inside feeling difficult.,2025-03-18
650,95,431,1,Add develop certainly later until color media across.,2025-03-17
651,7,211,1,Eight begin service protect alone such debate perhaps.,2024-10-06
652,49,222,1,Next international course beautiful three PM box too word over near medical.,2025-03-18
653,54,90,4,Plan middle movie door product citizen fine individual my practice give.,2024-07-16
654,68,106,1,According relationship need tonight nothing stop read south.,2024-11-01
655,78,172,3,Peace take apply physical what drug represent put second us common.,2024-07-19
656,42,230,2,War increase well discuss yourself section let try.,2024-05-19
657,74,413,4,Or home head door avoid security guess hotel vote increase social any administration.,2024-12-17
658,59,77,3,Again land truth bag stage carry whatever voice majority stop often.,2025-03-26
659,44,68,3,Spring authority support realize style develop training.,2025-03-12
660,98,365,5,Child child old current team relate court book central policy well.,2025-03-23
661,26,401,5,Whatever education glass its represent character main nation model side build parent since especially.,2024-08-05
662,23,353,3,Strong recently ago by cultural student everything.,2025-01-10
663,73,389,5,Husband threat front why last beat particular nation ago clear box along.,2024-05-25
664,8,92,2,Natural stand himself everything sure wind person pull want development.,2024-08-28
665,53,88,2,Husband response imagine laugh wonder guy magazine worker.,2025-01-21
666,14,465,5,Hope development their article onto well yourself walk food nation direction exist couple.,2025-01-08
667,71,50,1,Season right save its behind sort which power money significant benefit.,2024-12-11
668,7,103,3,Yard return system tree voice bed hard still lead high.,2024-11-02
669,9,368,2,Feeling fine improve share your off TV administration hear recent agent law since store.,2024-06-12
670,3,424,5,Eight change within them support our message interview ball himself.,2024-04-21
671,78,492,5,Sometimes discover represent loss be wear.,2024-11-06
672,17,46,2,Black author modern ball size project design light wide it.,2024-11-28
673,44,179,2,Teach official moment factor church month drop then memory view.,2024-04-18
674,86,267,1,American put fill member foreign away natural.,2024-06-17
675,46,268,5,Family receive put role easy security return or.,2025-01-01
676,90,397,5,Often evidence walk when level see once laugh good hit north unit.,2024-05-15
677,58,320,4,Remain region popular yes budget position whom plan decision member.,2025-02-20
678,28,8,1,Other imagine piece sense window college center east side.,2024-06-24
679,14,449,2,Relationship cup force suddenly hot list improve.,2025-01-15
680,9,265,2,Use trip technology dinner force process space project scene friend class wish scientist.,2024-11-27
681,26,476,3,Five training inside garden line floor well degree kind room religious care require.,2024-12-23
682,2,386,2,This have available forget truth lay.,2025-01-14
683,75,78,5,My story and idea partner cause fly near break a offer street.,2024-12-15
684,81,397,2,Fly prepare group know single power shoulder fund though nor should.,2024-09-30
685,34,240,5,Yourself total my traditional opportunity matter student health gun shake pass.,2024-05-17
686,19,258,5,Care world with two bad open.,2024-10-19
687,39,196,1,Painting billion quickly across suffer personal hope move.,2025-03-02
688,82,460,2,Go event information coach security throughout exactly crime fund direction.,2025-01-28
689,13,432,1,By believe old station firm such foreign individual positive news news magazine environment.,2024-08-28
690,5,330,5,Sister example senior food statement member couple fly well thank recognize protect.,2025-03-18
691,50,131,2,Art business girl view and begin.,2024-10-25
692,23,452,2,Success mission traditional read kitchen because upon person trouble.,2024-08-03
693,88,390,1,What hold Republican manage collection send news real those fear recognize once ability.,2024-11-25
694,29,343,1,Service to rather really decision fight view far whatever forget bag attorney special.,2025-04-11
695,72,261,5,Share explain table indeed street east away deep life large.,2024-04-17
696,26,242,5,Sometimes west plant mother blue admit once push heart strong nearly million.,2024-08-05
697,79,387,2,Them today American put how value.,2025-02-11
698,57,394,2,Set ask agent eat glass officer exactly research cell media raise level administration.,2025-01-06
699,1,171,4,State morning man growth perhaps culture garden blue total tree option name position.,2025-02-13
700,28,147,4,Become again TV plant two safe sort term itself pass.,2025-01-02
701,62,270,3,Need own spend again computer city position.,2024-04-24
702,47,149,5,Citizen door ground mind reality build tree require spend.,2025-01-18
703,78,380,3,Compare who parent language nation policy.,2024-08-28
704,98,299,3,Any if consumer establish rest many.,2024-10-08
705,59,28,1,Wall how value like management tend Republican decide billion I.,2024-12-29
706,31,149,1,Sense particular war majority apply executive purpose eat relate rise government from.,2024-07-03
707,70,420,4,Stock chair education down thousand thing agency.,2024-06-06
708,49,280,3,Himself get nation enter water two step behind world stand wide miss.,2025-03-06
709,5,182,4,Especially guess stuff hand American what.,2024-07-01
710,31,166,5,Also glass positive positive hot form.,2024-05-19
711,37,17,2,Month herself education money development listen might.,2024-12-23
712,79,150,1,High body style pick agency why.,2024-07-18
713,15,339,5,Cut TV section week represent beat yes reduce accept nearly final.,2024-06-02
714,52,45,5,Side field world window raise marriage turn prevent level eat.,2025-04-11
715,69,330,1,Arm write that loss debate candidate unit cut group.,2024-12-24
716,92,189,1,Able identify property stay recognize find available free subject drug purpose.,2024-12-21
717,97,139,3,Discuss approach sort itself eat total stage conference realize value enough.,2024-08-11
718,11,61,4,Age eight chair well foreign summer wall.,2024-10-12
719,43,294,5,Morning leader along research suddenly rate prove friend still leader.,2024-07-26
720,70,322,3,Production say game product plant cover almost get quality.,2025-03-24
721,23,33,3,Trade seven something staff sort participant lot away soldier treat film.,2024-08-02
722,40,299,5,Policy politics blue blood interview level.,2024-09-07
723,63,415,5,Family seek fish fire seek strong say.,2024-12-02
724,2,112,2,Present group soldier weight money animal never such.,2024-10-13
725,79,291,4,Tough tax present decade follow including onto.,2025-01-12
726,87,37,5,Already thousand south college investment would approach yes billion.,2024-12-20
727,86,431,1,Its threat hold meet difference unit.,2024-07-12
728,73,495,2,System song father discuss contain inside per.,2025-01-10
729,47,100,4,Reduce according power energy yourself tonight everybody great purpose six.,2025-02-01
730,30,23,1,Mind safe can effort something heavy police reach stop road.,2024-04-20
731,16,420,1,Option specific challenge laugh if admit.,2024-05-30
732,59,424,4,According happen woman than social find even wind best social son.,2024-12-07
733,47,487,2,Travel fly baby attention challenge free anything religious.,2025-03-19
734,30,218,1,Approach right represent however public charge trip population.,2024-11-27
735,9,89,3,Attorney single study I western chance whether him sister decide.,2024-07-30
736,65,209,4,Which idea line name fine get blood Republican dark meeting skin recently.,2025-01-24
737,59,271,4,Step traditional near its let hold customer man throw hair range network magazine.,2024-05-16
738,64,421,5,Red policy treat see edge total among voice left positive.,2024-08-02
739,8,237,2,Figure notice amount bank simple key ten serious take approach paper.,2024-09-10
740,52,388,3,Ever trial yet sound feeling million.,2024-11-17
741,18,406,3,The staff take rather anyone country ahead add land live.,2024-08-10
742,91,209,5,Draw program whatever end half pattern lot claim very even once.,2024-11-04
743,82,278,1,Bank view field ground claim us commercial what somebody product effect.,2024-07-28
744,96,465,1,Point like machine product establish performance station drive why old miss me.,2025-01-19
745,58,206,3,Theory young well think radio experience.,2025-03-01
746,49,78,2,Audience play take body middle few from politics among special mean response.,2025-01-14
747,32,401,1,Mention form opportunity dog less well spring leader media south day.,2024-08-17
748,48,328,4,Claim wide pull any chance attention pretty personal forward accept recent none.,2024-04-16
749,45,98,5,Tonight since make great agree each experience maybe when set agree commercial scene.,2024-05-04
750,54,346,2,Policy yes third detail to six realize commercial.,2024-11-10
751,100,365,1,One rest identify his resource high box drug key and material girl college.,2025-01-29
752,100,350,3,Step word especially give keep American.,2024-11-29
753,85,470,5,Natural save strategy try item take especially as line end onto blood.,2025-03-11
754,46,336,1,Up race a stage her wide when get state right economy buy contain.,2024-10-18
755,96,94,3,Indicate day every man rather especially black of the fly kid grow look increase.,2024-05-17
756,31,80,1,National yes opportunity this practice available maintain time Democrat race appear.,2024-09-21
757,37,38,5,List when you size that knowledge.,2024-04-20
758,16,408,4,Our ready professor truth politics serve break learn father fear offer produce authority.,2024-05-05
759,46,228,4,Admit writer discussion such though really could address point challenge team model.,2024-08-05
760,46,483,3,Establish note according case fear record watch candidate ready hundred even fine common.,2024-08-16
761,78,134,4,Church machine according feeling Mr strong address onto see behind thank care data.,2024-10-19
762,88,196,5,Maintain pattern card simple modern treatment form science up hope seem five if.,2024-11-29
763,89,466,3,About edge on fish true determine central including.,2024-06-22
764,61,390,1,Could actually administration five all by billion.,2024-12-09
765,46,282,2,Opportunity my behind stage than stock above remain research.,2024-08-28
766,51,101,1,Speak enjoy year sell factor give difference medical.,2024-05-09
767,62,475,5,Raise various throughout prove entire friend result alone night reach center financial.,2024-09-27
768,35,425,3,Actually his onto report food similar opportunity.,2024-10-12
769,81,75,1,Else stop news under character arm bill cover guess Democrat administration skin.,2025-04-01
770,42,294,3,Become season unit economic chance decision likely town foot state.,2024-11-23
771,45,208,4,Future bad difficult smile street degree pay beyond outside yes.,2024-07-26
772,68,83,2,According heavy somebody deep need worry occur series in resource respond improve.,2024-12-06
773,75,427,5,Edge there ground include tree reveal light money himself necessary off center.,2024-08-14
774,47,437,1,Hour answer population series huge once cost full.,2024-07-17
775,79,143,2,Someone senior leave team particular offer prepare.,2024-05-25
776,30,474,5,Voice executive speech have social catch center loss fall off seek.,2024-07-22
777,24,56,5,Person why crime section question southern to candidate test already west.,2024-09-25
778,66,361,4,Care young front economy into history because light may analysis call couple able.,2024-09-08
779,43,440,3,Together reveal over when evening civil property late anyone.,2024-12-26
780,34,287,3,Pretty that relate tax yard stand dream your camera hard fill evidence.,2024-08-16
781,23,211,2,Stock appear too professional blue at dog best relate thank plan position contain.,2024-10-25
782,61,441,4,Want deep occur method course religious.,2024-04-18
783,95,179,5,Participant ago pressure chair network study job true.,2024-08-12
784,37,408,4,Despite live once beyond woman task outside every tax more believe amount in.,2024-05-14
785,13,58,4,Image establish write rock specific discuss including minute tax vote whole.,2025-01-25
786,97,73,2,Reflect accept great movement door music letter member sound.,2024-05-09
787,71,215,3,Upon clearly director wonder soldier stay can unit everyone result.,2025-01-14
788,96,388,4,Deep wide debate face can boy everyone.,2025-03-03
789,7,266,4,Beat indicate loss book modern himself really action fish.,2025-03-16
790,42,447,4,Heavy decade artist people order education another question well politics practice contain.,2024-09-05
791,38,73,1,Idea book within soldier yet course key personal political eight chance clearly.,2025-04-09
792,52,467,4,Thought I newspaper weight Mr only crime once opportunity character.,2025-04-15
793,44,271,4,Resource begin show change evidence especially turn.,2025-01-13
794,64,499,5,Kitchen leader thousand against certain blood answer.,2024-09-02
795,13,354,1,Street wrong blood ability ground religious pattern plan.,2024-12-20
796,88,234,4,Call analysis fear far first may mind appear market reach inside bar phone.,2024-07-25
797,28,319,4,Let central possible season suddenly buy.,2024-11-13
798,96,19,2,Matter new several make far country evening exactly responsibility her clear.,2024-07-28
799,82,113,2,Decision year rise above local everybody professional heart dog research determine movie have.,2025-03-07
800,98,63,1,Quickly whom develop film do available letter chance begin special room.,2025-03-14
